date,country,confirmed_pred,deaths_pred,mortality_rate_pred,frac_increase_confirmed,frac_increase_deaths,date_of_forecast
2020-06-24,Afghanistan,30074,638,0.02121433796634967,0.015335506248979058,0.030901980622509928,2020-06-23
2020-06-30,Afghanistan,32949,766,0.023248050016692463,0.015335506248979058,0.030901980622509928,2020-06-23
2020-07-14,Afghanistan,40774,1173,0.028768332761073233,0.015335506248979058,0.030901980622509928,2020-06-23
2020-06-24,Albania,2118,47,0.022190745986779982,0.02909544397611885,0.028799959410509723,2020-06-23
2020-06-30,Albania,2516,55,0.021860095389507155,0.02909544397611885,0.028799959410509723,2020-06-23
2020-07-14,Albania,3759,83,0.022080340516094706,0.02909544397611885,0.028799959410509723,2020-06-23
2020-06-24,Algeria,12196,874,0.07166284027550017,0.011586086455455336,0.012462404492851631,2020-06-23
2020-06-30,Algeria,13069,942,0.07207896549085623,0.011586086455455336,0.012462404492851631,2020-06-23
2020-07-14,Algeria,15356,1120,0.07293566032821047,0.011586086455455336,0.012462404492851631,2020-06-23
2020-06-24,Andorra,855,52,0.0608187134502924,0.00012539448425163968,-1.1102230246251565e-16,2020-06-23
2020-06-30,Andorra,855,51,0.05964912280701754,0.00012539448425163968,-1.1102230246251565e-16,2020-06-23
2020-07-14,Andorra,857,51,0.059509918319719954,0.00012539448425163968,-1.1102230246251565e-16,2020-06-23
2020-06-24,Angola,198,10,0.050505050505050504,0.03209260638088951,0.06009712856350813,2020-06-23
2020-06-30,Angola,239,15,0.06276150627615062,0.03209260638088951,0.06009712856350813,2020-06-23
2020-07-14,Angola,373,35,0.0938337801608579,0.03209260638088951,0.06009712856350813,2020-06-23
2020-06-24,Antigua and Barbuda,26,3,0.11538461538461539,-1.1102230246251565e-16,0.0,2020-06-23
2020-06-30,Antigua and Barbuda,26,3,0.11538461538461539,-1.1102230246251565e-16,0.0,2020-06-23
2020-07-14,Antigua and Barbuda,25,3,0.12,-1.1102230246251565e-16,0.0,2020-06-23
2020-06-24,Argentina,49384,1101,0.022294670338571198,0.04713201131738298,0.026104480907646055,2020-06-23
2020-06-30,Argentina,65103,1285,0.019737953704130378,0.04713201131738298,0.026104480907646055,2020-06-23
2020-07-14,Argentina,124057,1844,0.01486413503470179,0.04713201131738298,0.026104480907646055,2020-06-23
2020-06-24,Armenia,21695,386,0.017792117999539066,0.025563160700861953,0.03723609446164833,2020-06-23
2020-06-30,Armenia,25242,481,0.0190555423500515,0.025563160700861953,0.03723609446164833,2020-06-23
2020-07-14,Armenia,35942,803,0.02234155027544377,0.025563160700861953,0.03723609446164833,2020-06-23
2020-06-24,Australia,7540,102,0.013527851458885942,0.002970609058775775,0.0010458509795463478,2020-06-23
2020-06-30,Australia,7675,103,0.013420195439739414,0.002970609058775775,0.0010458509795463478,2020-06-23
2020-07-14,Australia,8000,104,0.013,0.002970609058775775,0.0010458509795463478,2020-06-23
2020-06-24,Austria,17450,692,0.03965616045845272,0.0020639819342926913,0.0012434653154405062,2020-06-23
2020-06-30,Austria,17667,697,0.039452085809701706,0.0020639819342926913,0.0012434653154405062,2020-06-23
2020-07-14,Austria,18184,710,0.03904531456225253,0.0020639819342926913,0.0012434653154405062,2020-06-23
2020-06-24,Azerbaijan,14229,172,0.012087989317590836,0.03819665837872965,0.038245475822171526,2020-06-23
2020-06-30,Azerbaijan,17817,216,0.012123253072907897,0.03819665837872965,0.038245475822171526,2020-06-23
2020-07-14,Azerbaijan,30113,366,0.012154219108026434,0.03819665837872965,0.038245475822171526,2020-06-23
2020-06-24,Bahamas,104,11,0.10576923076923077,0.0,2.220446049250313e-16,2020-06-23
2020-06-30,Bahamas,104,11,0.10576923076923077,0.0,2.220446049250313e-16,2020-06-23
2020-07-14,Bahamas,104,11,0.10576923076923077,0.0,2.220446049250313e-16,2020-06-23
2020-06-24,Bahrain,23493,71,0.003022176818626825,0.02376727432192327,0.05025067973093322,2020-06-23
2020-06-30,Bahrain,27048,96,0.00354924578527063,0.02376727432192327,0.05025067973093322,2020-06-23
2020-07-14,Bahrain,37580,191,0.005082490686535391,0.02376727432192327,0.05025067973093322,2020-06-23
2020-06-24,Bangladesh,123300,1590,0.01289537712895377,0.032020996599016804,0.028379319609595388,2020-06-23
2020-06-30,Bangladesh,148969,1881,0.012626788123703589,0.032020996599016804,0.028379319609595388,2020-06-23
2020-07-14,Bangladesh,231598,2784,0.012020829195416196,0.032020996599016804,0.028379319609595388,2020-06-23
2020-06-24,Barbados,97,7,0.07216494845360824,0.0,0.0,2020-06-23
2020-06-30,Barbados,97,7,0.07216494845360824,0.0,0.0,2020-06-23
2020-07-14,Barbados,97,7,0.07216494845360824,0.0,0.0,2020-06-23
2020-06-24,Belarus,60215,362,0.0060117910819563235,0.01010657591186015,0.015644990447536644,2020-06-23
2020-06-30,Belarus,63960,398,0.006222639149468418,0.01010657591186015,0.015644990447536644,2020-06-23
2020-07-14,Belarus,73629,495,0.0067228945116733895,0.01010657591186015,0.015644990447536644,2020-06-23
2020-06-24,Belgium,60815,9713,0.15971388637671627,0.0012851109150739948,0.0005196465602508304,2020-06-23
2020-06-30,Belgium,61285,9743,0.15897854287346005,0.0012851109150739948,0.0005196465602508304,2020-06-23
2020-07-14,Belgium,62397,9815,0.1572992291296056,0.0012851109150739948,0.0005196465602508304,2020-06-23
2020-06-24,Belize,23,2,0.08695652173913043,0.007969402720759966,0.0,2020-06-23
2020-06-30,Belize,24,2,0.08333333333333333,0.007969402720759966,0.0,2020-06-23
2020-07-14,Belize,26,2,0.07692307692307693,0.007969402720759966,0.0,2020-06-23
2020-06-24,Benin,914,14,0.015317286652078774,0.07227871414375464,0.05897105675401093,2020-06-23
2020-06-30,Benin,1389,20,0.014398848092152628,0.07227871414375464,0.05897105675401093,2020-06-23
2020-07-14,Benin,3692,45,0.01218851570964247,0.07227871414375464,0.05897105675401093,2020-06-23
2020-06-24,Bhutan,69,1,0.014492753623188406,0.005767929370807501,0.0,2020-06-23
2020-06-30,Bhutan,72,1,0.013888888888888888,0.005767929370807501,0.0,2020-06-23
2020-07-14,Bhutan,78,1,0.01282051282051282,0.005767929370807501,0.0,2020-06-23
2020-06-24,Bolivia,27604,873,0.0316258513258948,0.042040157081471685,0.03868408523415434,2020-06-23
2020-06-30,Bolivia,35341,1097,0.03104043462267621,0.042040157081471685,0.03868408523415434,2020-06-23
2020-07-14,Bolivia,62902,1866,0.029665193475565167,0.042040157081471685,0.03868408523415434,2020-06-23
2020-06-24,Bosnia and Herzegovina,3618,172,0.04754007739082366,0.021985948668133526,0.0037925538301040174,2020-06-23
2020-06-30,Bosnia and Herzegovina,4123,175,0.042444821731748725,0.021985948668133526,0.0037925538301040174,2020-06-23
2020-07-14,Bosnia and Herzegovina,5590,185,0.03309481216457961,0.021985948668133526,0.0037925538301040174,2020-06-23
2020-06-24,Botswana,93,1,0.010752688172043012,0.021511776452895592,0.0,2020-06-23
2020-06-30,Botswana,106,1,0.009433962264150943,0.021511776452895592,0.0,2020-06-23
2020-07-14,Botswana,143,1,0.006993006993006993,0.021511776452895592,0.0,2020-06-23
2020-06-24,Brazil,1184830,53666,0.045294261624030455,0.030445397243135552,0.01972707865513401,2020-06-23
2020-06-30,Brazil,1418424,60339,0.042539466337287016,0.030445397243135552,0.01972707865513401,2020-06-23
2020-07-14,Brazil,2158519,79319,0.036746954740727325,0.030445397243135552,0.01972707865513401,2020-06-23
2020-06-24,Brunei,141,3,0.02127659574468085,-1.1102230246251565e-16,0.0,2020-06-23
2020-06-30,Brunei,141,3,0.02127659574468085,-1.1102230246251565e-16,0.0,2020-06-23
2020-07-14,Brunei,141,3,0.02127659574468085,-1.1102230246251565e-16,0.0,2020-06-23
2020-06-24,Bulgaria,4203,213,0.05067808708065667,0.02349654306902993,0.02055887553904001,2020-06-23
2020-06-30,Bulgaria,4832,241,0.049875827814569534,0.02349654306902993,0.02055887553904001,2020-06-23
2020-07-14,Bulgaria,6689,321,0.047989236059201676,0.02349654306902993,0.02055887553904001,2020-06-23
2020-06-24,Burkina Faso,906,53,0.05849889624724062,0.001386141053586254,-1.1102230246251565e-16,2020-06-23
2020-06-30,Burkina Faso,914,53,0.05798687089715536,0.001386141053586254,-1.1102230246251565e-16,2020-06-23
2020-07-14,Burkina Faso,932,52,0.055793991416309016,0.001386141053586254,-1.1102230246251565e-16,2020-06-23
2020-06-24,Burma,300,6,0.02,0.01343878235538587,0.0,2020-06-23
2020-06-30,Burma,325,6,0.018461538461538463,0.01343878235538587,0.0,2020-06-23
2020-07-14,Burma,392,6,0.015306122448979591,0.01343878235538587,0.0,2020-06-23
2020-06-24,Burundi,158,1,0.006329113924050633,0.07222225814909744,0.0,2020-06-23
2020-06-30,Burundi,240,1,0.004166666666666667,0.07222225814909744,0.0,2020-06-23
2020-07-14,Burundi,637,1,0.0015698587127158557,0.07222225814909744,0.0,2020-06-23
2020-06-24,Cabo Verde,1005,8,0.007960199004975124,0.035167482441736064,0.024131454117783058,2020-06-23
2020-06-30,Cabo Verde,1236,9,0.007281553398058253,0.035167482441736064,0.024131454117783058,2020-06-23
2020-07-14,Cabo Verde,2006,13,0.006480558325024925,0.035167482441736064,0.024131454117783058,2020-06-23
2020-06-24,Cambodia,130,1,0.007692307692307693,0.0022151874745655054,0.0,2020-06-23
2020-06-30,Cambodia,132,1,0.007575757575757576,0.0022151874745655054,0.0,2020-06-23
2020-07-14,Cambodia,136,1,0.007352941176470588,0.0022151874745655054,0.0,2020-06-23
2020-06-24,Cameroon,13141,323,0.02457956015523933,0.042487879151947405,0.024167064534793115,2020-06-23
2020-06-30,Cameroon,16868,373,0.022112876452454352,0.042487879151947405,0.024167064534793115,2020-06-23
2020-07-14,Cameroon,30204,521,0.017249370944245796,0.042487879151947405,0.024167064534793115,2020-06-23
2020-06-24,Canada,104206,8568,0.08222175306604226,0.0037211472877993756,0.003995699582609147,2020-06-23
2020-06-30,Canada,106554,8776,0.08236199485706777,0.0037211472877993756,0.003995699582609147,2020-06-23
2020-07-14,Canada,112242,9280,0.08267849824486377,0.0037211472877993756,0.003995699582609147,2020-06-23
2020-06-24,Central African Republic,3105,36,0.011594202898550725,0.03098025862982512,0.1237264783723433,2020-06-23
2020-06-30,Central African Republic,3729,73,0.0195762939125771,0.03098025862982512,0.1237264783723433,2020-06-23
2020-07-14,Central African Republic,5717,373,0.06524400909567955,0.03098025862982512,0.1237264783723433,2020-06-23
2020-06-24,Chad,860,74,0.08604651162790698,0.0010844947029760021,0.0,2020-06-23
2020-06-30,Chad,866,74,0.08545034642032333,0.0010844947029760021,0.0,2020-06-23
2020-07-14,Chad,879,74,0.08418657565415244,0.0010844947029760021,0.0,2020-06-23
2020-06-24,Chile,257756,4865,0.018874439392293486,0.022235954201513808,0.03887917737504942,2020-06-23
2020-06-30,Chile,294114,6116,0.020794657853757385,0.022235954201513808,0.03887917737504942,2020-06-23
2020-07-14,Chile,400158,10432,0.026069702467525328,0.022235954201513808,0.03887917737504942,2020-06-23
2020-06-24,China,84681,4640,0.054793873478111974,0.00038993419384469874,6.929322292403839e-05,2020-06-23
2020-06-30,China,84879,4641,0.05467783550701587,0.00038993419384469874,6.929322292403839e-05,2020-06-23
2020-07-14,China,85344,4646,0.054438507686539184,0.00038993419384469874,6.929322292403839e-05,2020-06-23
2020-06-24,Colombia,78663,2678,0.034043959676086595,0.05312645172771702,0.052927465202254,2020-06-23
2020-06-30,Colombia,107314,3650,0.03401233762603202,0.05312645172771702,0.052927465202254,2020-06-23
2020-07-14,Colombia,221505,7514,0.03392248481975576,0.05312645172771702,0.052927465202254,2020-06-23
2020-06-24,Comoros,280,7,0.025,0.050386175224916174,0.09503016804275033,2020-06-23
2020-06-30,Comoros,377,12,0.03183023872679045,0.050386175224916174,0.09503016804275033,2020-06-23
2020-07-14,Comoros,750,43,0.05733333333333333,0.050386175224916174,0.09503016804275033,2020-06-23
2020-06-24,Congo (Brazzaville),1087,36,0.03311867525298988,0.037813786891812695,0.05787742635129045,2020-06-23
2020-06-30,Congo (Brazzaville),1358,51,0.03755522827687776,0.037813786891812695,0.05787742635129045,2020-06-23
2020-07-14,Congo (Brazzaville),2283,114,0.04993429697766097,0.037813786891812695,0.05787742635129045,2020-06-23
2020-06-24,Congo (Kinshasa),6277,141,0.02246296001274494,0.028683499679920343,0.030113916223260206,2020-06-23
2020-06-30,Congo (Kinshasa),7438,168,0.0225867168593708,0.028683499679920343,0.030113916223260206,2020-06-23
2020-07-14,Congo (Kinshasa),11052,255,0.023072747014115092,0.028683499679920343,0.030113916223260206,2020-06-23
2020-06-24,Costa Rica,2475,12,0.0048484848484848485,0.04009380057423506,0.0,2020-06-23
2020-06-30,Costa Rica,3133,12,0.003830194701563996,0.04009380057423506,0.0,2020-06-23
2020-07-14,Costa Rica,5433,12,0.0022087244616234127,0.04009380057423506,0.0,2020-06-23
2020-06-24,Cote d'Ivoire,8437,59,0.006993006993006993,0.04497269135741311,0.03384412894525246,2020-06-23
2020-06-30,Cote d'Ivoire,10986,72,0.006553795740032769,0.04497269135741311,0.03384412894525246,2020-06-23
2020-07-14,Cote d'Ivoire,20338,115,0.005654439964598289,0.04497269135741311,0.03384412894525246,2020-06-23
2020-06-24,Croatia,2374,107,0.04507160909856782,0.007688816167969348,0.0,2020-06-23
2020-06-30,Croatia,2486,107,0.04304102976669348,0.007688816167969348,0.0,2020-06-23
2020-07-14,Croatia,2768,107,0.03865606936416185,0.007688816167969348,0.0,2020-06-23
2020-06-24,Cuba,2327,85,0.0365277180919639,0.002502191993926317,0.001268781828517529,2020-06-23
2020-06-30,Cuba,2363,85,0.03597122302158273,0.002502191993926317,0.001268781828517529,2020-06-23
2020-07-14,Cuba,2447,87,0.03555373927257867,0.002502191993926317,0.001268781828517529,2020-06-23
2020-06-24,Cyprus,989,19,0.019211324570273004,0.0007962715864471281,0.005809727952486243,2020-06-23
2020-06-30,Cyprus,994,19,0.019114688128772636,0.0007962715864471281,0.005809727952486243,2020-06-23
2020-07-14,Cyprus,1005,21,0.020895522388059702,0.0007962715864471281,0.005809727952486243,2020-06-23
2020-06-24,Czechia,10719,338,0.03153279223808191,0.007033268512083302,0.00244920206106114,2020-06-23
2020-06-30,Czechia,11179,343,0.030682529743268627,0.007033268512083302,0.00244920206106114,2020-06-23
2020-07-14,Czechia,12332,355,0.028786895880635745,0.007033268512083302,0.00244920206106114,2020-06-23
2020-06-24,Denmark,12781,603,0.047179406932164936,0.0033055177087064624,0.0011304566462231325,2020-06-23
2020-06-30,Denmark,13037,607,0.04655979136304365,0.0033055177087064624,0.0011304566462231325,2020-06-23
2020-07-14,Denmark,13653,616,0.04511828902072804,0.0033055177087064624,0.0011304566462231325,2020-06-23
2020-06-24,Diamond Princess,712,12,0.016853932584269662,-2.220446049250313e-16,-1.1102230246251565e-16,2020-06-23
2020-06-30,Diamond Princess,712,12,0.016853932584269662,-2.220446049250313e-16,-1.1102230246251565e-16,2020-06-23
2020-07-14,Diamond Princess,711,12,0.016877637130801686,-2.220446049250313e-16,-1.1102230246251565e-16,2020-06-23
2020-06-24,Djibouti,4621,49,0.010603765418740533,0.002475132030721916,0.022092734931654645,2020-06-23
2020-06-30,Djibouti,4690,56,0.011940298507462687,0.002475132030721916,0.022092734931654645,2020-06-23
2020-07-14,Djibouti,4855,76,0.01565396498455201,0.002475132030721916,0.022092734931654645,2020-06-23
2020-06-24,Dominica,18,1,0.05555555555555555,2.220446049250313e-16,0.0,2020-06-23
2020-06-30,Dominica,18,1,0.05555555555555555,2.220446049250313e-16,0.0,2020-06-23
2020-07-14,Dominica,18,1,0.05555555555555555,2.220446049250313e-16,0.0,2020-06-23
2020-06-24,Dominican Republic,28689,684,0.023841890620098297,0.02584429326109028,0.011492833424101345,2020-06-23
2020-06-30,Dominican Republic,33435,732,0.021893225661731717,0.02584429326109028,0.011492833424101345,2020-06-23
2020-07-14,Dominican Republic,47791,859,0.017974095541001444,0.02584429326109028,0.011492833424101345,2020-06-23
2020-06-24,Ecuador,51944,4326,0.08328199599568767,0.009653157943089852,0.009869233568403635,2020-06-23
2020-06-30,Ecuador,55026,4589,0.08339693962853924,0.009653157943089852,0.009869233568403635,2020-06-23
2020-07-14,Ecuador,62948,5265,0.08364046514583466,0.009653157943089852,0.009869233568403635,2020-06-23
2020-06-24,Egypt,60038,2472,0.04117392318198474,0.028762334758606345,0.04169282828869281,2020-06-23
2020-06-30,Egypt,71173,3159,0.04438480884605117,0.028762334758606345,0.04169282828869281,2020-06-23
2020-07-14,Egypt,105859,5596,0.05286277028878036,0.028762334758606345,0.04169282828869281,2020-06-23
2020-06-24,El Salvador,5131,119,0.023192360163710776,0.03417233424116817,0.06398739584712931,2020-06-23
2020-06-30,El Salvador,6278,173,0.027556546670914304,0.03417233424116817,0.06398739584712931,2020-06-23
2020-07-14,El Salvador,10049,413,0.04109861677778884,0.03417233424116817,0.06398739584712931,2020-06-23
2020-06-24,Equatorial Guinea,1664,32,0.019230769230769232,-2.220446049250313e-16,-1.1102230246251565e-16,2020-06-23
2020-06-30,Equatorial Guinea,1664,32,0.019230769230769232,-2.220446049250313e-16,-1.1102230246251565e-16,2020-06-23
2020-07-14,Equatorial Guinea,1663,32,0.019242333132892364,-2.220446049250313e-16,-1.1102230246251565e-16,2020-06-23
2020-06-24,Eritrea,146,1,0.00684931506849315,0.010194276861660079,0.0,2020-06-23
2020-06-30,Eritrea,155,1,0.0064516129032258064,0.010194276861660079,0.0,2020-06-23
2020-07-14,Eritrea,179,1,0.00558659217877095,0.010194276861660079,0.0,2020-06-23
2020-06-24,Estonia,1983,69,0.03479576399394856,0.00045118115553477445,2.220446049250313e-16,2020-06-23
2020-06-30,Estonia,1988,69,0.03470824949698189,0.00045118115553477445,2.220446049250313e-16,2020-06-23
2020-07-14,Estonia,2001,69,0.034482758620689655,0.00045118115553477445,2.220446049250313e-16,2020-06-23
2020-06-24,Eswatini,690,7,0.010144927536231883,0.02694886148708564,0.10173922016144576,2020-06-23
2020-06-30,Eswatini,809,12,0.014833127317676144,0.02694886148708564,0.10173922016144576,2020-06-23
2020-07-14,Eswatini,1174,50,0.04258943781942078,0.02694886148708564,0.10173922016144576,2020-06-23
2020-06-24,Ethiopia,5118,79,0.015435717076983196,0.04381198796495722,0.0303316530601494,2020-06-23
2020-06-30,Ethiopia,6619,95,0.014352621241879438,0.04381198796495722,0.0303316530601494,2020-06-23
2020-07-14,Ethiopia,12066,144,0.011934361014420686,0.04381198796495722,0.0303316530601494,2020-06-23
2020-06-24,Fiji,18,1,0.05555555555555555,2.220446049250313e-16,0.0,2020-06-23
2020-06-30,Fiji,18,1,0.05555555555555555,2.220446049250313e-16,0.0,2020-06-23
2020-07-14,Fiji,18,1,0.05555555555555555,2.220446049250313e-16,0.0,2020-06-23
2020-06-24,Finland,7161,327,0.04566401340594889,0.0008713609093740082,0.0005470762935615436,2020-06-23
2020-06-30,Finland,7198,328,0.04556821339260906,0.0008713609093740082,0.0005470762935615436,2020-06-23
2020-07-14,Finland,7286,330,0.04529234147680483,0.0008713609093740082,0.0005470762935615436,2020-06-23
2020-06-24,France,198468,29721,0.14975210109438297,0.0025755923328514285,0.0006965380869619064,2020-06-23
2020-06-30,France,201555,29845,0.1480737267743296,0.0025755923328514285,0.0006965380869619064,2020-06-23
2020-07-14,France,208946,30138,0.14423822423018387,0.0025755923328514285,0.0006965380869619064,2020-06-23
2020-06-24,Gabon,4879,40,0.00819840131174421,0.021160940935988082,0.04314570802167439,2020-06-23
2020-06-30,Gabon,5532,52,0.009399855386840203,0.021160940935988082,0.04314570802167439,2020-06-23
2020-07-14,Gabon,7416,94,0.01267529665587918,0.021160940935988082,0.04314570802167439,2020-06-23
2020-06-24,Gambia,42,2,0.047619047619047616,0.03345577112444009,0.16012938615999572,2020-06-23
2020-06-30,Gambia,52,6,0.11538461538461539,0.03345577112444009,0.16012938615999572,2020-06-23
2020-07-14,Gambia,82,52,0.6341463414634146,0.03345577112444009,0.16012938615999572,2020-06-23
2020-06-24,Georgia,915,14,0.015300546448087432,0.0043353688995215744,-1.1102230246251565e-16,2020-06-23
2020-06-30,Georgia,939,13,0.013844515441959531,0.0043353688995215744,-1.1102230246251565e-16,2020-06-23
2020-07-14,Georgia,998,13,0.013026052104208416,0.0043353688995215744,-1.1102230246251565e-16,2020-06-23
2020-06-24,Germany,193070,8923,0.04621639819754493,0.003096918261246806,0.0009854430874589593,2020-06-23
2020-06-30,Germany,196686,8975,0.045631107450454025,0.003096918261246806,0.0009854430874589593,2020-06-23
2020-07-14,Germany,205387,9100,0.044306601683650866,0.003096918261246806,0.0009854430874589593,2020-06-23
2020-06-24,Ghana,15004,100,0.006664889362836577,0.024889538865223715,0.06612344885358601,2020-06-23
2020-06-30,Ghana,17389,148,0.008511127724423487,0.024889538865223715,0.06612344885358601,2020-06-23
2020-07-14,Ghana,24534,363,0.01479579359256542,0.024889538865223715,0.06612344885358601,2020-06-23
2020-06-24,Greece,3318,191,0.05756479807112719,0.004907904768421734,0.002653071813993879,2020-06-23
2020-06-30,Greece,3417,194,0.05677494878548434,0.004907904768421734,0.002653071813993879,2020-06-23
2020-07-14,Greece,3659,201,0.05493304181470347,0.004907904768421734,0.002653071813993879,2020-06-23
2020-06-24,Grenada,23,1,0.043478260869565216,0.0,0.0,2020-06-23
2020-06-30,Grenada,23,1,0.043478260869565216,0.0,0.0,2020-06-23
2020-07-14,Grenada,23,1,0.043478260869565216,0.0,0.0,2020-06-23
2020-06-24,Guatemala,15003,612,0.04079184163167367,0.04066508651444778,0.050660476841298596,2020-06-23
2020-06-30,Guatemala,19057,824,0.043238704937818125,0.04066508651444778,0.050660476841298596,2020-06-23
2020-07-14,Guatemala,33298,1646,0.04943239834224278,0.04066508651444778,0.050660476841298596,2020-06-23
2020-06-24,Guinea,5131,28,0.005457025920873124,0.011018741398732157,0.010692639592110975,2020-06-23
2020-06-30,Guinea,5480,29,0.005291970802919708,0.011018741398732157,0.010692639592110975,2020-06-23
2020-07-14,Guinea,6388,34,0.005322479649342517,0.011018741398732157,0.010692639592110975,2020-06-23
2020-06-24,Guinea-Bissau,1577,20,0.012682308180088777,0.007528361682131113,0.0431158897648809,2020-06-23
2020-06-30,Guinea-Bissau,1650,25,0.015151515151515152,0.007528361682131113,0.0431158897648809,2020-06-23
2020-07-14,Guinea-Bissau,1833,46,0.025095471903982543,0.007528361682131113,0.0431158897648809,2020-06-23
2020-06-24,Guyana,209,12,0.05741626794258373,0.028657778532100497,0.0,2020-06-23
2020-06-30,Guyana,248,12,0.04838709677419355,0.028657778532100497,0.0,2020-06-23
2020-07-14,Guyana,369,12,0.032520325203252036,0.028657778532100497,0.0,2020-06-23
2020-06-24,Haiti,5421,90,0.016602102933038185,0.018654007786912397,0.012586410962807104,2020-06-23
2020-06-30,Haiti,6057,98,0.016179626877992407,0.018654007786912397,0.012586410962807104,2020-06-23
2020-07-14,Haiti,7846,116,0.014784603619678817,0.018654007786912397,0.012586410962807104,2020-06-23
2020-06-24,Holy See,12,1,0.08333333333333333,0.0,0.0,2020-06-23
2020-06-30,Holy See,12,1,0.08333333333333333,0.0,0.0,2020-06-23
2020-07-14,Holy See,12,1,0.08333333333333333,0.0,0.0,2020-06-23
2020-06-24,Honduras,14841,412,0.027760932551714843,0.053936484248134464,0.03200024293649539,2020-06-23
2020-06-30,Honduras,20340,497,0.024434611602753196,0.053936484248134464,0.03200024293649539,2020-06-23
2020-07-14,Honduras,42438,773,0.018214807483858807,0.053936484248134464,0.03200024293649539,2020-06-23
2020-06-24,Hungary,4110,573,0.13941605839416057,0.0012752595210354656,0.0017561590437689123,2020-06-23
2020-06-30,Hungary,4142,579,0.13978754225012072,0.0012752595210354656,0.0017561590437689123,2020-06-23
2020-07-14,Hungary,4216,594,0.14089184060721063,0.0012752595210354656,0.0017561590437689123,2020-06-23
2020-06-24,Iceland,1826,10,0.00547645125958379,0.0008836151223601263,0.0,2020-06-23
2020-06-30,Iceland,1836,10,0.0054466230936819175,0.0008836151223601263,0.0,2020-06-23
2020-07-14,Iceland,1859,10,0.0053792361484669175,0.0008836151223601263,0.0,2020-06-23
2020-06-24,India,473707,14854,0.031356935827420745,0.0370324127956958,0.028140362793637408,2020-06-23
2020-06-30,India,589201,17545,0.029777614090946893,0.0370324127956958,0.028140362793637408,2020-06-23
2020-07-14,India,980294,25875,0.02639514268168529,0.0370324127956958,0.028140362793637408,2020-06-23
2020-06-24,Indonesia,49210,2591,0.05265190002032107,0.023996365224316918,0.01781735713084931,2020-06-23
2020-06-30,Indonesia,56735,2881,0.050779941834846215,0.023996365224316918,0.01781735713084931,2020-06-23
2020-07-14,Indonesia,79073,3690,0.0466657392536011,0.023996365224316918,0.01781735713084931,2020-06-23
2020-06-24,Iran,212643,9978,0.04692371721617923,0.01228190003674201,0.012102956996894232,2020-06-23
2020-06-30,Iran,228802,10724,0.04687021966591201,0.01228190003674201,0.012102956996894232,2020-06-23
2020-07-14,Iran,271444,12692,0.046757342214232035,0.01228190003674201,0.012102956996894232,2020-06-23
2020-06-24,Iraq,36776,1375,0.037388514248422884,0.06097282257903314,0.08318542217105551,2020-06-23
2020-06-30,Iraq,52456,2222,0.04235931066036297,0.06097282257903314,0.08318542217105551,2020-06-23
2020-07-14,Iraq,120131,6801,0.05661319725965821,0.06097282257903314,0.08318542217105551,2020-06-23
2020-06-24,Ireland,25401,1720,0.06771386953269556,0.0003055599323176228,0.0007707806436401121,2020-06-23
2020-06-30,Ireland,25447,1728,0.06790584351789995,0.0003055599323176228,0.0007707806436401121,2020-06-23
2020-07-14,Ireland,25556,1747,0.0683596807012052,0.0003055599323176228,0.0007707806436401121,2020-06-23
2020-06-24,Israel,21718,308,0.014181784694723271,0.013464707808185539,0.00292885993575398,2020-06-23
2020-06-30,Israel,23533,314,0.013342965197807335,0.013464707808185539,0.00292885993575398,2020-06-23
2020-07-14,Israel,28379,327,0.011522604742943726,0.013464707808185539,0.00292885993575398,2020-06-23
2020-06-24,Italy,238993,34734,0.1453348006008544,0.0006932524560683273,0.0010749855897824734,2020-06-23
2020-06-30,Italy,239989,34959,0.1456691765039231,0.0006932524560683273,0.0010749855897824734,2020-06-23
2020-07-14,Italy,242329,35488,0.1464455347894804,0.0006932524560683273,0.0010749855897824734,2020-06-23
2020-06-24,Jamaica,680,10,0.014705882352941176,0.010676538615091102,0.0,2020-06-23
2020-06-30,Jamaica,725,10,0.013793103448275862,0.010676538615091102,0.0,2020-06-23
2020-07-14,Jamaica,841,10,0.011890606420927468,0.010676538615091102,0.0,2020-06-23
2020-06-24,Japan,17945,969,0.05399832822513235,0.003299497668601381,0.005058164412780508,2020-06-23
2020-06-30,Japan,18304,999,0.054578234265734264,0.003299497668601381,0.005058164412780508,2020-06-23
2020-07-14,Japan,19168,1072,0.055926544240400666,0.003299497668601381,0.005058164412780508,2020-06-23
2020-06-24,Jordan,1060,9,0.008490566037735849,0.010116054112656148,0.0,2020-06-23
2020-06-30,Jordan,1126,9,0.007992895204262877,0.010116054112656148,0.0,2020-06-23
2020-07-14,Jordan,1297,9,0.006939090208172706,0.010116054112656148,0.0,2020-06-23
2020-06-24,Kazakhstan,19352,142,0.007337742868954113,0.030201087601825716,0.055315896024274336,2020-06-23
2020-06-30,Kazakhstan,23135,196,0.008472012102874432,0.030201087601825716,0.055315896024274336,2020-06-23
2020-07-14,Kazakhstan,35089,418,0.011912565191370515,0.030201087601825716,0.055315896024274336,2020-06-23
2020-06-24,Kenya,5148,132,0.02564102564102564,0.0336413833746152,0.025422958426653208,2020-06-23
2020-06-30,Kenya,6278,154,0.02453010512902198,0.0336413833746152,0.025422958426653208,2020-06-23
2020-07-14,Kenya,9978,218,0.021848065744638205,0.0336413833746152,0.025422958426653208,2020-06-23
2020-06-24,"Korea, South",12582,281,0.022333492290573836,0.0036224009281777825,0.000636821642802543,2020-06-23
2020-06-30,"Korea, South",12858,282,0.021931871208586095,0.0036224009281777825,0.000636821642802543,2020-06-23
2020-07-14,"Korea, South",13525,284,0.02099815157116451,0.0036224009281777825,0.000636821642802543,2020-06-23
2020-06-24,Kosovo,2169,36,0.016597510373443983,0.06986432001058485,0.020640549453151857,2020-06-23
2020-06-30,Kosovo,3252,41,0.012607626076260762,0.06986432001058485,0.020640549453151857,2020-06-23
2020-07-14,Kosovo,8372,55,0.006569517439082656,0.06986432001058485,0.020640549453151857,2020-06-23
2020-06-24,Kuwait,41520,340,0.008188824662813102,0.014586835175268265,0.015887296672352225,2020-06-23
2020-06-30,Kuwait,45289,373,0.008235995495594957,0.014586835175268265,0.015887296672352225,2020-06-23
2020-07-14,Kuwait,55469,466,0.008401088896500748,0.014586835175268265,0.015887296672352225,2020-06-23
2020-06-24,Kyrgyzstan,3871,45,0.011624903125807285,0.061327887154146055,0.06047126960086868,2020-06-23
2020-06-30,Kyrgyzstan,5533,64,0.0115669618651726,0.061327887154146055,0.06047126960086868,2020-06-23
2020-07-14,Kyrgyzstan,12731,145,0.011389521640091117,0.061327887154146055,0.06047126960086868,2020-06-23
2020-06-24,Laos,19,1,0.05263157894736842,0.0,0.0,2020-06-23
2020-06-30,Laos,19,1,0.05263157894736842,0.0,0.0,2020-06-23
2020-07-14,Laos,19,1,0.05263157894736842,0.0,0.0,2020-06-23
2020-06-24,Latvia,1113,30,0.026954177897574125,0.0009029083910774283,0.0,2020-06-23
2020-06-30,Latvia,1119,30,0.02680965147453083,0.0009029083910774283,0.0,2020-06-23
2020-07-14,Latvia,1133,30,0.0264783759929391,0.0009029083910774283,0.0,2020-06-23
2020-06-24,Lebanon,1649,32,0.019405700424499697,0.016052577687054814,-1.1102230246251565e-16,2020-06-23
2020-06-30,Lebanon,1815,32,0.017630853994490357,0.016052577687054814,-1.1102230246251565e-16,2020-06-23
2020-07-14,Lebanon,2268,32,0.014109347442680775,0.016052577687054814,-1.1102230246251565e-16,2020-06-23
2020-06-24,Lesotho,14,1,0.07142857142857142,0.2630119945795162,0.0,2020-06-23
2020-06-30,Lesotho,59,1,0.01694915254237288,0.2630119945795162,0.0,2020-06-23
2020-07-14,Lesotho,1562,1,0.0006402048655569782,0.2630119945795162,0.0,2020-06-23
2020-06-24,Liberia,698,34,0.04871060171919771,0.04154799336452508,0.006417568443403576,2020-06-23
2020-06-30,Liberia,891,35,0.03928170594837262,0.04154799336452508,0.006417568443403576,2020-06-23
2020-07-14,Liberia,1576,38,0.024111675126903553,0.04154799336452508,0.006417568443403576,2020-06-23
2020-06-24,Libya,649,13,0.020030816640986132,0.0414708137652402,0.05850022790212517,2020-06-23
2020-06-30,Libya,829,19,0.022919179734620022,0.0414708137652402,0.05850022790212517,2020-06-23
2020-07-14,Libya,1464,42,0.028688524590163935,0.0414708137652402,0.05850022790212517,2020-06-23
2020-06-24,Liechtenstein,84,1,0.011904761904761904,0.005986665596490415,0.0770930257688689,2020-06-23
2020-06-30,Liechtenstein,87,2,0.022988505747126436,0.005986665596490415,0.0770930257688689,2020-06-23
2020-07-14,Liechtenstein,95,6,0.06315789473684211,0.005986665596490415,0.0770930257688689,2020-06-23
2020-06-24,Lithuania,1809,76,0.04201216141514649,0.0022954557823438027,0.0014015614383948716,2020-06-23
2020-06-30,Lithuania,1834,77,0.04198473282442748,0.0022954557823438027,0.0014015614383948716,2020-06-23
2020-07-14,Lithuania,1894,78,0.04118268215417107,0.0022954557823438027,0.0014015614383948716,2020-06-23
2020-06-24,Luxembourg,4139,110,0.026576467745832326,0.0019579274671492897,-1.1102230246251565e-16,2020-06-23
2020-06-30,Luxembourg,4188,109,0.026026743075453676,0.0019579274671492897,-1.1102230246251565e-16,2020-06-23
2020-07-14,Luxembourg,4305,109,0.02531939605110337,0.0019579274671492897,-1.1102230246251565e-16,2020-06-23
2020-06-24,MS Zaandam,9,2,0.2222222222222222,0.0,0.0,2020-06-23
2020-06-30,MS Zaandam,9,2,0.2222222222222222,0.0,0.0,2020-06-23
2020-07-14,MS Zaandam,9,2,0.2222222222222222,0.0,0.0,2020-06-23
2020-06-24,Madagascar,1777,15,0.008441193021947102,0.03951002033714501,0.03746105987055093,2020-06-23
2020-06-30,Madagascar,2242,19,0.00847457627118644,0.03951002033714501,0.03746105987055093,2020-06-23
2020-07-14,Madagascar,3857,32,0.008296603577910292,0.03951002033714501,0.03746105987055093,2020-06-23
2020-06-24,Malawi,841,13,0.015457788347205707,0.06075390880505038,0.10413603948086592,2020-06-23
2020-06-30,Malawi,1198,23,0.019198664440734557,0.06075390880505038,0.10413603948086592,2020-06-23
2020-07-14,Malawi,2736,94,0.03435672514619883,0.06075390880505038,0.10413603948086592,2020-06-23
2020-06-24,Malaysia,8608,121,0.014056691449814127,0.0015794105183393192,2.220446049250313e-16,2020-06-23
2020-06-30,Malaysia,8690,121,0.013924050632911392,0.0015794105183393192,2.220446049250313e-16,2020-06-23
2020-07-14,Malaysia,8885,121,0.01361845807540799,0.0015794105183393192,2.220446049250313e-16,2020-06-23
2020-06-24,Maldives,2261,8,0.0035382574082264487,0.009341782371631524,0.0,2020-06-23
2020-06-30,Maldives,2390,8,0.0033472803347280333,0.009341782371631524,0.0,2020-06-23
2020-07-14,Maldives,2723,8,0.0029379360998898272,0.009341782371631524,0.0,2020-06-23
2020-06-24,Mali,1987,111,0.05586311021640664,0.007118446182164284,0.0069067239227447175,2020-06-23
2020-06-30,Mali,2073,116,0.05595754944524843,0.007118446182164284,0.0069067239227447175,2020-06-23
2020-07-14,Mali,2290,128,0.05589519650655022,0.007118446182164284,0.0069067239227447175,2020-06-23
2020-06-24,Malta,666,9,0.013513513513513514,0.0008074903294343905,0.0,2020-06-23
2020-06-30,Malta,669,9,0.013452914798206279,0.0008074903294343905,0.0,2020-06-23
2020-07-14,Malta,676,9,0.013313609467455622,0.0008074903294343905,0.0,2020-06-23
2020-06-24,Mauritania,3575,120,0.033566433566433566,0.0668957160100645,0.03336960415252266,2020-06-23
2020-06-30,Mauritania,5272,146,0.027693474962063733,0.0668957160100645,0.03336960415252266,2020-06-23
2020-07-14,Mauritania,13053,231,0.017697081130774533,0.0668957160100645,0.03336960415252266,2020-06-23
2020-06-24,Mauritius,340,10,0.029411764705882353,0.0015838757328829889,0.0,2020-06-23
2020-06-30,Mauritius,343,10,0.029154518950437316,0.0015838757328829889,0.0,2020-06-23
2020-07-14,Mauritius,350,10,0.02857142857142857,0.0015838757328829889,0.0,2020-06-23
2020-06-24,Mexico,196992,24110,0.12239075698505524,0.02985041772242325,0.034349320266640726,2020-06-23
2020-06-30,Mexico,235014,29526,0.12563506854910772,0.02985041772242325,0.034349320266640726,2020-06-23
2020-07-14,Mexico,354758,47375,0.13354173831175054,0.02985041772242325,0.034349320266640726,2020-06-23
2020-06-24,Moldova,15158,501,0.03305185380657079,0.0239840305341259,0.020812692156993107,2020-06-23
2020-06-30,Moldova,17475,567,0.03244635193133047,0.0239840305341259,0.020812692156993107,2020-06-23
2020-07-14,Moldova,24351,756,0.03104595293827769,0.0239840305341259,0.020812692156993107,2020-06-23
2020-06-24,Monaco,101,4,0.039603960396039604,0.003938222691229454,0.0,2020-06-23
2020-06-30,Monaco,103,4,0.038834951456310676,0.003938222691229454,0.0,2020-06-23
2020-07-14,Monaco,109,4,0.03669724770642202,0.003938222691229454,0.0,2020-06-23
2020-06-24,Mongolia,218,1,0.0045871559633027525,0.012585959137467961,0.0,2020-06-23
2020-06-30,Mongolia,235,1,0.00425531914893617,0.012585959137467961,0.0,2020-06-23
2020-07-14,Mongolia,281,1,0.0035587188612099642,0.012585959137467961,0.0,2020-06-23
2020-06-24,Montenegro,385,9,0.023376623376623377,0.020578132586578812,0.0,2020-06-23
2020-06-30,Montenegro,435,9,0.020689655172413793,0.020578132586578812,0.0,2020-06-23
2020-07-14,Montenegro,579,9,0.015544041450777202,0.020578132586578812,0.0,2020-06-23
2020-06-24,Morocco,10700,214,0.02,0.02473538772995454,0.0010041858528495595,2020-06-23
2020-06-30,Morocco,12390,215,0.01735270379338176,0.02473538772995454,0.0010041858528495595,2020-06-23
2020-07-14,Morocco,17444,218,0.012497133684934648,0.02473538772995454,0.0010041858528495595,2020-06-23
2020-06-24,Mozambique,778,5,0.006426735218508998,0.027516893254238672,0.04897812424298964,2020-06-23
2020-06-30,Mozambique,916,7,0.007641921397379912,0.027516893254238672,0.04897812424298964,2020-06-23
2020-07-14,Mozambique,1339,13,0.009708737864077669,0.027516893254238672,0.04897812424298964,2020-06-23
2020-06-24,Namibia,78,1,0.01282051282051282,0.12264532745111545,0.0,2020-06-23
2020-06-30,Namibia,157,1,0.006369426751592357,0.12264532745111545,0.0,2020-06-23
2020-07-14,Namibia,794,1,0.0012594458438287153,0.12264532745111545,0.0,2020-06-23
2020-06-24,Nepal,10671,24,0.002249086308687096,0.05527817177404781,0.024594722132535773,2020-06-23
2020-06-30,Nepal,14738,28,0.0018998507260143845,0.05527817177404781,0.024594722132535773,2020-06-23
2020-07-14,Nepal,31302,39,0.0012459267778416716,0.05527817177404781,0.024594722132535773,2020-06-23
2020-06-24,Netherlands,50040,6118,0.12226219024780176,0.0017260590232837103,0.0005618996843415047,2020-06-23
2020-06-30,Netherlands,50561,6138,0.1213979153893317,0.0017260590232837103,0.0005618996843415047,2020-06-23
2020-07-14,Netherlands,51796,6187,0.119449378330373,0.0017260590232837103,0.0005618996843415047,2020-06-23
2020-06-24,New Zealand,1517,21,0.013843111404087014,0.0011113097755213186,0.0,2020-06-23
2020-06-30,New Zealand,1528,21,0.0137434554973822,0.0011113097755213186,0.0,2020-06-23
2020-07-14,New Zealand,1551,21,0.013539651837524178,0.0011113097755213186,0.0,2020-06-23
2020-06-24,Nicaragua,2013,69,0.03427719821162444,0.018844319495973982,0.01567682745190191,2020-06-23
2020-06-30,Nicaragua,2252,76,0.03374777975133215,0.018844319495973982,0.01567682745190191,2020-06-23
2020-07-14,Nicaragua,2925,94,0.032136752136752135,0.018844319495973982,0.01567682745190191,2020-06-23
2020-06-24,Niger,1055,67,0.06350710900473934,0.0055770795773431026,0.0,2020-06-23
2020-06-30,Niger,1091,67,0.0614115490375802,0.0055770795773431026,0.0,2020-06-23
2020-07-14,Niger,1179,67,0.056827820186598814,0.0055770795773431026,0.0,2020-06-23
2020-06-24,Nigeria,22211,549,0.02471748232857593,0.031306272075458,0.0233262563273271,2020-06-23
2020-06-30,Nigeria,26723,631,0.02361261834374883,0.031306272075458,0.0233262563273271,2020-06-23
2020-07-14,Nigeria,41145,871,0.021169036334913113,0.031306272075458,0.0233262563273271,2020-06-23
2020-06-24,North Macedonia,5516,261,0.047316896301667875,0.028351831202393374,0.0316641643552904,2020-06-23
2020-06-30,North Macedonia,6523,314,0.04813736011037866,0.028351831202393374,0.0316641643552904,2020-06-23
2020-07-14,North Macedonia,9649,487,0.05047155145610944,0.028351831202393374,0.0316641643552904,2020-06-23
2020-06-24,Norway,8783,248,0.028236365706478424,0.0014121393674191296,0.0033492731163988765,2020-06-23
2020-06-30,Norway,8857,253,0.028564976854465393,0.0014121393674191296,0.0033492731163988765,2020-06-23
2020-07-14,Norway,9034,265,0.029333628514500776,0.0014121393674191296,0.0033492731163988765,2020-06-23
2020-06-24,Oman,33252,145,0.004360639961506075,0.036667377305655835,0.03239785621238411,2020-06-23
2020-06-30,Oman,41272,175,0.004240162822252374,0.036667377305655835,0.03239785621238411,2020-06-23
2020-07-14,Oman,68330,274,0.004009951704961217,0.036667377305655835,0.03239785621238411,2020-06-23
2020-06-24,Pakistan,195833,3936,0.02009875761490658,0.028182766722073316,0.03307600680265321,2020-06-23
2020-06-30,Pakistan,231370,4785,0.02068116004667848,0.028182766722073316,0.03307600680265321,2020-06-23
2020-07-14,Pakistan,341423,7546,0.02210161588410857,0.028182766722073316,0.03307600680265321,2020-06-23
2020-06-24,Panama,28500,542,0.019017543859649124,0.033053427486072984,0.022080679674648884,2020-06-23
2020-06-30,Panama,34640,618,0.01784064665127021,0.033053427486072984,0.022080679674648884,2020-06-23
2020-07-14,Panama,54613,839,0.015362642594254116,0.033053427486072984,0.022080679674648884,2020-06-23
2020-06-24,Papua New Guinea,9,1,0.1111111111111111,0.021255430763089223,0.0,2020-06-23
2020-06-30,Papua New Guinea,10,1,0.1,0.021255430763089223,0.0,2020-06-23
2020-07-14,Papua New Guinea,13,1,0.07692307692307693,0.021255430763089223,0.0,2020-06-23
2020-06-24,Paraguay,1435,12,0.008362369337979094,0.0134286146368372,-1.1102230246251565e-16,2020-06-23
2020-06-30,Paraguay,1554,12,0.007722007722007722,0.0134286146368372,-1.1102230246251565e-16,2020-06-23
2020-07-14,Paraguay,1874,12,0.0064034151547491995,0.0134286146368372,-1.1102230246251565e-16,2020-06-23
2020-06-24,Peru,264649,8639,0.03264323689112749,0.013306717869481677,0.02472038656140163,2020-06-23
2020-06-30,Peru,286494,10002,0.03491172590001885,0.013306717869481677,0.02472038656140163,2020-06-23
2020-07-14,Peru,344738,14079,0.04083971015669871,0.013306717869481677,0.02472038656140163,2020-06-23
2020-06-24,Philippines,32481,1205,0.03709861149595148,0.026001368304494843,0.012377985018057869,2020-06-23
2020-06-30,Philippines,37889,1297,0.034231571168412994,0.026001368304494843,0.012377985018057869,2020-06-23
2020-07-14,Philippines,54274,1541,0.028392969009101963,0.026001368304494843,0.012377985018057869,2020-06-23
2020-06-24,Poland,32854,1393,0.04239970779813721,0.009669353979980588,0.010101145691484348,2020-06-23
2020-06-30,Poland,34807,1480,0.04252018272186629,0.009669353979980588,0.010101145691484348,2020-06-23
2020-07-14,Poland,39826,1703,0.04276101039521921,0.009669353979980588,0.010101145691484348,2020-06-23
2020-06-24,Portugal,40133,1540,0.03837241173099444,0.008774511622041237,0.0017280709705329578,2020-06-23
2020-06-30,Portugal,42293,1556,0.036790958314614715,0.008774511622041237,0.0017280709705329578,2020-06-23
2020-07-14,Portugal,47795,1594,0.03335076890888168,0.008774511622041237,0.0017280709705329578,2020-06-23
2020-06-24,Qatar,90643,105,0.0011583906093134604,0.012084315670564783,0.032632375649058964,2020-06-23
2020-06-30,Qatar,97417,127,0.0013036738967531335,0.012084315670564783,0.032632375649058964,2020-06-23
2020-07-14,Qatar,115258,200,0.0017352374672473928,0.012084315670564783,0.032632375649058964,2020-06-23
2020-06-24,Romania,24897,1554,0.06241715869381853,0.012617787330053698,0.009404433830543901,2020-06-23
2020-06-30,Romania,26843,1644,0.06124501732295198,0.012617787330053698,0.009404433830543901,2020-06-23
2020-07-14,Romania,31994,1874,0.058573482527973994,0.012617787330053698,0.009404433830543901,2020-06-23
2020-06-24,Russia,607565,8531,0.014041295993021324,0.01354777605200752,0.0182474182105421,2020-06-23
2020-06-30,Russia,658655,9508,0.01443547836120579,0.01354777605200752,0.0182474182105421,2020-06-23
2020-07-14,Russia,795202,12248,0.01540237574855194,0.01354777605200752,0.0182474182105421,2020-06-23
2020-06-24,Rwanda,833,2,0.0024009603841536613,0.04222489953585562,0.0,2020-06-23
2020-06-30,Rwanda,1067,2,0.0018744142455482662,0.04222489953585562,0.0,2020-06-23
2020-07-14,Rwanda,1905,2,0.0010498687664041995,0.04222489953585562,0.0,2020-06-23
2020-06-24,Saint Kitts and Nevis,15,1,0.06666666666666667,0.0,0.0,2020-06-23
2020-06-30,Saint Kitts and Nevis,15,1,0.06666666666666667,0.0,0.0,2020-06-23
2020-07-14,Saint Kitts and Nevis,15,1,0.06666666666666667,0.0,0.0,2020-06-23
2020-06-24,Saint Lucia,19,1,0.05263157894736842,0.0,0.0,2020-06-23
2020-06-30,Saint Lucia,19,1,0.05263157894736842,0.0,0.0,2020-06-23
2020-07-14,Saint Lucia,19,1,0.05263157894736842,0.0,0.0,2020-06-23
2020-06-24,Saint Vincent and the Grenadines,29,1,0.034482758620689655,2.220446049250313e-16,0.0,2020-06-23
2020-06-30,Saint Vincent and the Grenadines,29,1,0.034482758620689655,2.220446049250313e-16,0.0,2020-06-23
2020-07-14,Saint Vincent and the Grenadines,29,1,0.034482758620689655,2.220446049250313e-16,0.0,2020-06-23
2020-06-24,San Marino,697,42,0.06025824964131994,0.00041007792097258466,0.0,2020-06-23
2020-06-30,San Marino,699,42,0.060085836909871244,0.00041007792097258466,0.0,2020-06-23
2020-07-14,San Marino,703,42,0.059743954480796585,0.00041007792097258466,0.0,2020-06-23
2020-06-24,Sao Tome and Principe,710,12,0.016901408450704224,0.005410500416424657,0.0,2020-06-23
2020-06-30,Sao Tome and Principe,734,12,0.01634877384196185,0.005410500416424657,0.0,2020-06-23
2020-07-14,Sao Tome and Principe,791,12,0.015170670037926675,0.005410500416424657,0.0,2020-06-23
2020-06-24,Saudi Arabia,169298,1402,0.0082812555375728,0.025106971313837878,0.035362627347453435,2020-06-23
2020-06-30,Saudi Arabia,196457,1727,0.00879072774194862,0.025106971313837878,0.035362627347453435,2020-06-23
2020-07-14,Saudi Arabia,277994,2810,0.010108131830183385,0.025106971313837878,0.035362627347453435,2020-06-23
2020-06-24,Senegal,6215,92,0.014802896218825422,0.02044273174455613,0.03278037509248244,2020-06-23
2020-06-30,Senegal,7017,111,0.01581872595126122,0.02044273174455613,0.03278037509248244,2020-06-23
2020-07-14,Senegal,9316,175,0.018784886217260627,0.02044273174455613,0.03278037509248244,2020-06-23
2020-06-24,Serbia,13185,264,0.020022753128555178,0.007399471178307637,0.003853693065576591,2020-06-23
2020-06-30,Serbia,13781,270,0.019592192148610407,0.007399471178307637,0.003853693065576591,2020-06-23
2020-07-14,Serbia,15280,285,0.018651832460732983,0.007399471178307637,0.003853693065576591,2020-06-23
2020-06-24,Seychelles,11,1,0.09090909090909091,2.220446049250313e-16,0.0,2020-06-23
2020-06-30,Seychelles,11,1,0.09090909090909091,2.220446049250313e-16,0.0,2020-06-23
2020-07-14,Seychelles,11,1,0.09090909090909091,2.220446049250313e-16,0.0,2020-06-23
2020-06-24,Sierra Leone,1373,56,0.04078659868900218,0.012682044844993134,0.014916551739881712,2020-06-23
2020-06-30,Sierra Leone,1480,61,0.04121621621621622,0.012682044844993134,0.014916551739881712,2020-06-23
2020-07-14,Sierra Leone,1766,75,0.04246885617214043,0.012682044844993134,0.014916551739881712,2020-06-23
2020-06-24,Singapore,42689,26,0.000609056197146806,0.004969471012432614,-1.1102230246251565e-16,2020-06-23
2020-06-30,Singapore,43978,26,0.0005912046932557188,0.004969471012432614,-1.1102230246251565e-16,2020-06-23
2020-07-14,Singapore,47139,25,0.0005303464222830353,0.004969471012432614,-1.1102230246251565e-16,2020-06-23
2020-06-24,Slovakia,1599,28,0.017510944340212633,0.003337944677990645,-1.1102230246251565e-16,2020-06-23
2020-06-30,Slovakia,1631,28,0.017167381974248927,0.003337944677990645,-1.1102230246251565e-16,2020-06-23
2020-07-14,Slovakia,1709,27,0.01579871269748391,0.003337944677990645,-1.1102230246251565e-16,2020-06-23
2020-06-24,Slovenia,1534,109,0.0710560625814863,0.0028273944380843297,-1.1102230246251565e-16,2020-06-23
2020-06-30,Slovenia,1560,109,0.06987179487179487,0.0028273944380843297,-1.1102230246251565e-16,2020-06-23
2020-07-14,Slovenia,1623,109,0.06715958102279729,0.0028273944380843297,-1.1102230246251565e-16,2020-06-23
2020-06-24,Somalia,2841,90,0.03167898627243928,0.007725076490422422,0.0048272256624706245,2020-06-23
2020-06-30,Somalia,2976,93,0.03125,0.007725076490422422,0.0048272256624706245,2020-06-23
2020-07-14,Somalia,3314,99,0.02987326493663247,0.007725076490422422,0.0048272256624706245,2020-06-23
2020-06-24,South Africa,111555,2162,0.019380574604455202,0.04821507415875659,0.036679271994904505,2020-06-23
2020-06-30,South Africa,147976,2684,0.018138076444828892,0.04821507415875659,0.036679271994904505,2020-06-23
2020-07-14,South Africa,286086,4445,0.015537285990925806,0.04821507415875659,0.036679271994904505,2020-06-23
2020-06-24,South Sudan,1955,36,0.018414322250639385,0.010568614307363777,0.02267539092195814,2020-06-23
2020-06-30,South Sudan,2082,42,0.020172910662824207,0.010568614307363777,0.02267539092195814,2020-06-23
2020-07-14,South Sudan,2412,57,0.0236318407960199,0.010568614307363777,0.02267539092195814,2020-06-23
2020-06-24,Spain,247198,28848,0.11669997330075486,0.0013633764998401965,0.007694797604124615,2020-06-23
2020-06-30,Spain,249227,30206,0.12119874652425298,0.0013633764998401965,0.007694797604124615,2020-06-23
2020-07-14,Spain,254027,33628,0.1323796289370815,0.0013633764998401965,0.007694797604124615,2020-06-23
2020-06-24,Sri Lanka,1981,11,0.005552751135790005,0.0038214506584619556,2.220446049250313e-16,2020-06-23
2020-06-30,Sri Lanka,2027,11,0.005426739023186976,0.0038214506584619556,2.220446049250313e-16,2020-06-23
2020-07-14,Sri Lanka,2138,11,0.005144995322731525,0.0038214506584619556,2.220446049250313e-16,2020-06-23
2020-06-24,Sudan,9065,557,0.06144511858797573,0.018097173706425274,0.02033840112161367,2020-06-23
2020-06-30,Sudan,10095,628,0.06220901436354631,0.018097173706425274,0.02033840112161367,2020-06-23
2020-07-14,Sudan,12976,833,0.06419543773119606,0.018097173706425274,0.02033840112161367,2020-06-23
2020-06-24,Suriname,340,9,0.026470588235294117,0.034642975812799515,0.05440923869788139,2020-06-23
2020-06-30,Suriname,417,13,0.03117505995203837,0.034642975812799515,0.05440923869788139,2020-06-23
2020-07-14,Suriname,673,27,0.04011887072808321,0.034642975812799515,0.05440923869788139,2020-06-23
2020-06-24,Sweden,61714,5172,0.08380594354603493,0.01584989715909746,0.0035375998489752813,2020-06-23
2020-06-30,Sweden,67821,5283,0.07789622683239704,0.01584989715909746,0.0035375998489752813,2020-06-23
2020-07-14,Sweden,84523,5551,0.0656744318114596,0.01584989715909746,0.0035375998489752813,2020-06-23
2020-06-24,Switzerland,31358,1956,0.06237642706805281,0.0008138269947974841,0.0,2020-06-23
2020-06-30,Switzerland,31512,1956,0.06207159177456207,0.0008138269947974841,0.0,2020-06-23
2020-07-14,Switzerland,31873,1956,0.061368556458444454,0.0008138269947974841,0.0,2020-06-23
2020-06-24,Syria,236,7,0.029661016949152543,0.04322379053200942,0.0,2020-06-23
2020-06-30,Syria,305,7,0.022950819672131147,0.04322379053200942,0.0,2020-06-23
2020-07-14,Syria,551,7,0.012704174228675136,0.04322379053200942,0.0,2020-06-23
2020-06-24,Taiwan*,446,7,0.01569506726457399,0.00024052926400730534,0.0,2020-06-23
2020-06-30,Taiwan*,446,7,0.01569506726457399,0.00024052926400730534,0.0,2020-06-23
2020-07-14,Taiwan*,448,7,0.015625,0.00024052926400730534,0.0,2020-06-23
2020-06-24,Tajikistan,5632,52,0.009232954545454546,0.010818627994716223,0.004169687454865123,2020-06-23
2020-06-30,Tajikistan,6007,53,0.008823039786915265,0.010818627994716223,0.004169687454865123,2020-06-23
2020-07-14,Tajikistan,6984,56,0.008018327605956471,0.010818627994716223,0.004169687454865123,2020-06-23
2020-06-24,Tanzania,509,21,0.0412573673870334,2.220446049250313e-16,0.0,2020-06-23
2020-06-30,Tanzania,509,21,0.0412573673870334,2.220446049250313e-16,0.0,2020-06-23
2020-07-14,Tanzania,509,21,0.0412573673870334,2.220446049250313e-16,0.0,2020-06-23
2020-06-24,Thailand,3158,58,0.01836605446485117,0.0009655192800914758,2.220446049250313e-16,2020-06-23
2020-06-30,Thailand,3176,58,0.018261964735516372,0.0009655192800914758,2.220446049250313e-16,2020-06-23
2020-07-14,Thailand,3220,58,0.018012422360248446,0.0009655192800914758,2.220446049250313e-16,2020-06-23
2020-06-24,Timor-Leste,24,1,0.041666666666666664,-1.1102230246251565e-16,0.0,2020-06-23
2020-06-30,Timor-Leste,23,1,0.043478260869565216,-1.1102230246251565e-16,0.0,2020-06-23
2020-07-14,Timor-Leste,23,1,0.043478260869565216,-1.1102230246251565e-16,0.0,2020-06-23
2020-06-24,Togo,582,12,0.020618556701030927,0.00987886358758372,-1.1102230246251565e-16,2020-06-23
2020-06-30,Togo,617,12,0.019448946515397084,0.00987886358758372,-1.1102230246251565e-16,2020-06-23
2020-07-14,Togo,709,12,0.01692524682651622,0.00987886358758372,-1.1102230246251565e-16,2020-06-23
2020-06-24,Trinidad and Tobago,123,8,0.06504065040650407,0.0,0.0,2020-06-23
2020-06-30,Trinidad and Tobago,123,8,0.06504065040650407,0.0,0.0,2020-06-23
2020-07-14,Trinidad and Tobago,123,8,0.06504065040650407,0.0,0.0,2020-06-23
2020-06-24,Tunisia,1170,50,0.042735042735042736,0.004941821896896625,0.0,2020-06-23
2020-06-30,Tunisia,1206,50,0.04145936981757877,0.004941821896896625,0.0,2020-06-23
2020-07-14,Tunisia,1292,50,0.03869969040247678,0.004941821896896625,0.0,2020-06-23
2020-06-24,Turkey,191439,5021,0.026227675656475432,0.006628217794199864,0.00471294162020075,2020-06-23
2020-06-30,Turkey,199180,5165,0.025931318405462395,0.006628217794199864,0.00471294162020075,2020-06-23
2020-07-14,Turkey,218481,5517,0.02525162371098631,0.006628217794199864,0.00471294162020075,2020-06-23
2020-06-24,US,2377505,121719,0.051196106843098124,0.013604120273015718,0.004592598073662302,2020-06-23
2020-06-30,US,2578289,125112,0.048525204117924714,0.013604120273015718,0.004592598073662302,2020-06-23
2020-07-14,US,3115220,133401,0.042822336785202975,0.013604120273015718,0.004592598073662302,2020-06-23
2020-06-24,Uganda,801,1,0.0012484394506866417,0.013013872739591203,0.0,2020-06-23
2020-06-30,Uganda,866,1,0.0011547344110854503,0.013013872739591203,0.0,2020-06-23
2020-07-14,Uganda,1038,1,0.0009633911368015414,0.013013872739591203,0.0,2020-06-23
2020-06-24,Ukraine,39876,1057,0.026507172233925166,0.022613983986791597,0.013863840490988544,2020-06-23
2020-06-30,Ukraine,45602,1148,0.025174334459014954,0.022613983986791597,0.013863840490988544,2020-06-23
2020-07-14,Ukraine,62366,1392,0.022319853766475325,0.022613983986791597,0.013863840490988544,2020-06-23
2020-06-24,United Arab Emirates,46098,306,0.006638032018742679,0.008733506540499869,0.00501009596557811,2020-06-23
2020-06-30,United Arab Emirates,48567,315,0.006485885477793564,0.008733506540499869,0.00501009596557811,2020-06-23
2020-07-14,United Arab Emirates,54854,338,0.0061618113537754765,0.008733506540499869,0.00501009596557811,2020-06-23
2020-06-24,United Kingdom,309147,43072,0.13932530479027777,0.0038887553701341115,0.0026909181716208153,2020-06-23
2020-06-30,United Kingdom,316431,43772,0.13833031529780584,0.0038887553701341115,0.0026909181716208153,2020-06-23
2020-07-14,United Kingdom,334101,45451,0.13603970056958825,0.0038887553701341115,0.0026909181716208153,2020-06-23
2020-06-24,Uruguay,892,25,0.028026905829596414,0.008071807524052232,0.008785942052065732,2020-06-23
2020-06-30,Uruguay,937,26,0.02774813233724653,0.008071807524052232,0.008785942052065732,2020-06-23
2020-07-14,Uruguay,1048,30,0.02862595419847328,0.008071807524052232,0.008785942052065732,2020-06-23
2020-06-24,Uzbekistan,6839,19,0.002778183945021202,0.02769156929619565,0.0,2020-06-23
2020-06-30,Uzbekistan,8057,19,0.002358197840387241,0.02769156929619565,0.0,2020-06-23
2020-07-14,Uzbekistan,11810,19,0.0016088060965283658,0.02769156929619565,0.0,2020-06-23
2020-06-24,Venezuela,4354,37,0.008497932935231971,0.037269092397708814,0.044199953776752565,2020-06-23
2020-06-30,Venezuela,5423,48,0.008851189378572745,0.037269092397708814,0.044199953776752565,2020-06-23
2020-07-14,Venezuela,9052,89,0.009832081307998232,0.037269092397708814,0.044199953776752565,2020-06-23
2020-06-24,Vietnam,354,1,0.002824858757062147,0.005850854830008023,0.0,2020-06-23
2020-06-30,Vietnam,366,1,0.00273224043715847,0.005850854830008023,0.0,2020-06-23
2020-07-14,Vietnam,397,1,0.0025188916876574307,0.005850854830008023,0.0,2020-06-23
2020-06-24,West Bank and Gaza,1276,3,0.0023510971786833857,0.13188564583209916,0.0,2020-06-23
2020-06-30,West Bank and Gaza,2683,3,0.0011181513231457323,0.13188564583209916,0.0,2020-06-23
2020-07-14,West Bank and Gaza,15204,3,0.0001973164956590371,0.13188564583209916,0.0,2020-06-23
2020-06-24,Western Sahara,9,1,0.1111111111111111,0.018992483430702922,0.0,2020-06-23
2020-06-30,Western Sahara,11,1,0.09090909090909091,0.018992483430702922,0.0,2020-06-23
2020-07-14,Western Sahara,14,1,0.07142857142857142,0.018992483430702922,0.0,2020-06-23
2020-06-24,Yemen,995,263,0.264321608040201,0.015573217446606558,0.010521960885615744,2020-06-23
2020-06-30,Yemen,1091,280,0.2566452795600367,0.015573217446606558,0.010521960885615744,2020-06-23
2020-07-14,Yemen,1355,325,0.23985239852398524,0.015573217446606558,0.010521960885615744,2020-06-23
2020-06-24,Zambia,1464,14,0.009562841530054645,0.005540093135971258,0.05418223925157606,2020-06-23
2020-06-30,Zambia,1513,20,0.013218770654329148,0.005540093135971258,0.05418223925157606,2020-06-23
2020-07-14,Zambia,1635,41,0.02507645259938838,0.005540093135971258,0.05418223925157606,2020-06-23
2020-06-24,Zimbabwe,552,6,0.010869565217391304,0.03747688966289542,0.0907716486433292,2020-06-23
2020-06-30,Zimbabwe,688,11,0.015988372093023256,0.03747688966289542,0.0907716486433292,2020-06-23
2020-07-14,Zimbabwe,1152,38,0.03298611111111111,0.03747688966289542,0.0907716486433292,2020-06-23
