date,state,confirmed_new_smooth_pred,deaths_new_smooth_pred,frac_increase_confirmed,frac_increase_deaths,date_of_forecast
2020-06-22,Alabama,809,8,0.04019536774953081,-0.012964815615614245,2020-06-21
2020-06-28,Alabama,1024,7,0.04019536774953081,-0.012964815615614245,2020-06-21
2020-07-05,Alabama,1350,7,0.04019536774953081,-0.012964815615614245,2020-06-21
2020-07-19,Alabama,2344,6,0.04019536774953081,-0.012964815615614245,2020-06-21
2020-08-16,Alabama,7068,4,0.04019536774953081,-0.012964815615614245,2020-06-21
2020-09-13,Alabama,21307,2,0.04019536774953081,-0.012964815615614245,2020-06-21
2020-10-11,Alabama,64231,2,0.04019536774953081,-0.012964815615614245,2020-06-21
2020-11-08,Alabama,193626,1,0.04019536774953081,-0.012964815615614245,2020-06-21
2020-12-06,Alabama,583689,0,0.04019536774953081,-0.012964815615614245,2020-06-21
2021-01-31,Alabama,5304165,0,0.04019536774953081,-0.012964815615614245,2020-06-21
2020-06-22,Alaska,16,1,0.02051759205409409,0.0,2020-06-21
2020-06-28,Alaska,18,1,0.02051759205409409,0.0,2020-06-21
2020-07-05,Alaska,21,1,0.02051759205409409,0.0,2020-06-21
2020-07-19,Alaska,28,1,0.02051759205409409,0.0,2020-06-21
2020-08-16,Alaska,49,1,0.02051759205409409,0.0,2020-06-21
2020-09-13,Alaska,87,1,0.02051759205409409,0.0,2020-06-21
2020-10-11,Alaska,154,1,0.02051759205409409,0.0,2020-06-21
2020-11-08,Alaska,272,1,0.02051759205409409,0.0,2020-06-21
2020-12-06,Alaska,481,1,0.02051759205409409,0.0,2020-06-21
2021-01-31,Alaska,1503,1,0.02051759205409409,0.0,2020-06-21
2020-06-22,Arizona,2191,22,0.06711926247789735,0.012773694678620773,2020-06-21
2020-06-28,Arizona,3236,24,0.06711926247789735,0.012773694678620773,2020-06-21
2020-07-05,Arizona,5100,26,0.06711926247789735,0.012773694678620773,2020-06-21
2020-07-19,Arizona,12663,31,0.06711926247789735,0.012773694678620773,2020-06-21
2020-08-16,Arizona,78075,45,0.06711926247789735,0.012773694678620773,2020-06-21
2020-09-13,Arizona,481368,65,0.06711926247789735,0.012773694678620773,2020-06-21
2020-10-11,Arizona,2967838,92,0.06711926247789735,0.012773694678620773,2020-06-21
2020-11-08,Arizona,18297980,132,0.06711926247789735,0.012773694678620773,2020-06-21
2020-12-06,Arizona,112814788,189,0.06711926247789735,0.012773694678620773,2020-06-21
2021-01-31,Arizona,4288365155,385,0.06711926247789735,0.012773694678620773,2020-06-21
2020-06-22,Arkansas,540,5,0.04413025727832953,0.038983504176996586,2020-06-21
2020-06-28,Arkansas,700,6,0.04413025727832953,0.038983504176996586,2020-06-21
2020-07-05,Arkansas,947,8,0.04413025727832953,0.038983504176996586,2020-06-21
2020-07-19,Arkansas,1733,14,0.04413025727832953,0.038983504176996586,2020-06-21
2020-08-16,Arkansas,5809,43,0.04413025727832953,0.038983504176996586,2020-06-21
2020-09-13,Arkansas,19466,126,0.04413025727832953,0.038983504176996586,2020-06-21
2020-10-11,Arkansas,65225,368,0.04413025727832953,0.038983504176996586,2020-06-21
2020-11-08,Arkansas,218550,1076,0.04413025727832953,0.038983504176996586,2020-06-21
2020-12-06,Arkansas,732288,3139,0.04413025727832953,0.038983504176996586,2020-06-21
2021-01-31,Arkansas,8221377,26729,0.04413025727832953,0.038983504176996586,2020-06-21
2020-06-22,California,3514,62,0.016949731290492265,-0.002296392729701169,2020-06-21
2020-06-28,California,3887,62,0.016949731290492265,-0.002296392729701169,2020-06-21
2020-07-05,California,4372,61,0.016949731290492265,-0.002296392729701169,2020-06-21
2020-07-19,California,5532,59,0.016949731290492265,-0.002296392729701169,2020-06-21
2020-08-16,California,8857,55,0.016949731290492265,-0.002296392729701169,2020-06-21
2020-09-13,California,14180,52,0.016949731290492265,-0.002296392729701169,2020-06-21
2020-10-11,California,22702,48,0.016949731290492265,-0.002296392729701169,2020-06-21
2020-11-08,California,36345,45,0.016949731290492265,-0.002296392729701169,2020-06-21
2020-12-06,California,58188,42,0.016949731290492265,-0.002296392729701169,2020-06-21
2021-01-31,California,149144,37,0.016949731290492265,-0.002296392729701169,2020-06-21
2020-06-22,Colorado,143,7,-0.037848893855715215,-0.03892036972719126,2020-06-21
2020-06-28,Colorado,113,5,-0.037848893855715215,-0.03892036972719126,2020-06-21
2020-07-05,Colorado,86,4,-0.037848893855715215,-0.03892036972719126,2020-06-21
2020-07-19,Colorado,50,2,-0.037848893855715215,-0.03892036972719126,2020-06-21
2020-08-16,Colorado,17,0,-0.037848893855715215,-0.03892036972719126,2020-06-21
2020-09-13,Colorado,5,0,-0.037848893855715215,-0.03892036972719126,2020-06-21
2020-10-11,Colorado,1,0,-0.037848893855715215,-0.03892036972719126,2020-06-21
2020-11-08,Colorado,0,0,-0.037848893855715215,-0.03892036972719126,2020-06-21
2020-12-06,Colorado,0,0,-0.037848893855715215,-0.03892036972719126,2020-06-21
2021-01-31,Colorado,0,0,-0.037848893855715215,-0.03892036972719126,2020-06-21
2020-06-22,Connecticut,120,10,-0.03942398809477654,-0.05006017737105928,2020-06-21
2020-06-28,Connecticut,94,7,-0.03942398809477654,-0.05006017737105928,2020-06-21
2020-07-05,Connecticut,71,5,-0.03942398809477654,-0.05006017737105928,2020-06-21
2020-07-19,Connecticut,40,2,-0.03942398809477654,-0.05006017737105928,2020-06-21
2020-08-16,Connecticut,13,0,-0.03942398809477654,-0.05006017737105928,2020-06-21
2020-09-13,Connecticut,4,0,-0.03942398809477654,-0.05006017737105928,2020-06-21
2020-10-11,Connecticut,1,0,-0.03942398809477654,-0.05006017737105928,2020-06-21
2020-11-08,Connecticut,0,0,-0.03942398809477654,-0.05006017737105928,2020-06-21
2020-12-06,Connecticut,0,0,-0.03942398809477654,-0.05006017737105928,2020-06-21
2021-01-31,Connecticut,0,0,-0.03942398809477654,-0.05006017737105928,2020-06-21
2020-06-22,Delaware,47,2,-0.025777682159991322,-0.04738206740016104,2020-06-21
2020-06-28,Delaware,40,1,-0.025777682159991322,-0.04738206740016104,2020-06-21
2020-07-05,Delaware,33,1,-0.025777682159991322,-0.04738206740016104,2020-06-21
2020-07-19,Delaware,23,0,-0.025777682159991322,-0.04738206740016104,2020-06-21
2020-08-16,Delaware,11,0,-0.025777682159991322,-0.04738206740016104,2020-06-21
2020-09-13,Delaware,5,0,-0.025777682159991322,-0.04738206740016104,2020-06-21
2020-10-11,Delaware,2,0,-0.025777682159991322,-0.04738206740016104,2020-06-21
2020-11-08,Delaware,1,0,-0.025777682159991322,-0.04738206740016104,2020-06-21
2020-12-06,Delaware,0,0,-0.025777682159991322,-0.04738206740016104,2020-06-21
2021-01-31,Delaware,0,0,-0.025777682159991322,-0.04738206740016104,2020-06-21
2020-06-22,Diamond Princess,1,1,0.0,0.0,2020-06-21
2020-06-28,Diamond Princess,1,1,0.0,0.0,2020-06-21
2020-07-05,Diamond Princess,1,1,0.0,0.0,2020-06-21
2020-07-19,Diamond Princess,1,1,0.0,0.0,2020-06-21
2020-08-16,Diamond Princess,1,1,0.0,0.0,2020-06-21
2020-09-13,Diamond Princess,1,1,0.0,0.0,2020-06-21
2020-10-11,Diamond Princess,1,1,0.0,0.0,2020-06-21
2020-11-08,Diamond Princess,1,1,0.0,0.0,2020-06-21
2020-12-06,Diamond Princess,1,1,0.0,0.0,2020-06-21
2021-01-31,Diamond Princess,1,1,0.0,0.0,2020-06-21
2020-06-22,District of Columbia,41,3,-0.0423078572866431,-0.007058242552848926,2020-06-21
2020-06-28,District of Columbia,32,3,-0.0423078572866431,-0.007058242552848926,2020-06-21
2020-07-05,District of Columbia,23,3,-0.0423078572866431,-0.007058242552848926,2020-06-21
2020-07-19,District of Columbia,13,2,-0.0423078572866431,-0.007058242552848926,2020-06-21
2020-08-16,District of Columbia,3,2,-0.0423078572866431,-0.007058242552848926,2020-06-21
2020-09-13,District of Columbia,1,1,-0.0423078572866431,-0.007058242552848926,2020-06-21
2020-10-11,District of Columbia,0,1,-0.0423078572866431,-0.007058242552848926,2020-06-21
2020-11-08,District of Columbia,0,1,-0.0423078572866431,-0.007058242552848926,2020-06-21
2020-12-06,District of Columbia,0,1,-0.0423078572866431,-0.007058242552848926,2020-06-21
2021-01-31,District of Columbia,0,0,-0.0423078572866431,-0.007058242552848926,2020-06-21
2020-06-22,Florida,2788,31,0.06899027425413418,-0.004190538352999651,2020-06-21
2020-06-28,Florida,4161,30,0.06899027425413418,-0.004190538352999651,2020-06-21
2020-07-05,Florida,6638,30,0.06899027425413418,-0.004190538352999651,2020-06-21
2020-07-19,Florida,16891,28,0.06899027425413418,-0.004190538352999651,2020-06-21
2020-08-16,Florida,109380,25,0.06899027425413418,-0.004190538352999651,2020-06-21
2020-09-13,Florida,708281,22,0.06899027425413418,-0.004190538352999651,2020-06-21
2020-10-11,Florida,4586388,19,0.06899027425413418,-0.004190538352999651,2020-06-21
2020-11-08,Florida,29698600,17,0.06899027425413418,-0.004190538352999651,2020-06-21
2020-12-06,Florida,192309659,15,0.06899027425413418,-0.004190538352999651,2020-06-21
2021-01-31,Florida,8063643545,12,0.06899027425413418,-0.004190538352999651,2020-06-21
2020-06-22,Georgia,940,34,0.02234540204299007,0.013029914153464217,2020-06-21
2020-06-28,Georgia,1074,36,0.02234540204299007,0.013029914153464217,2020-06-21
2020-07-05,Georgia,1254,40,0.02234540204299007,0.013029914153464217,2020-06-21
2020-07-19,Georgia,1708,48,0.02234540204299007,0.013029914153464217,2020-06-21
2020-08-16,Georgia,3172,69,0.02234540204299007,0.013029914153464217,2020-06-21
2020-09-13,Georgia,5890,100,0.02234540204299007,0.013029914153464217,2020-06-21
2020-10-11,Georgia,10937,143,0.02234540204299007,0.013029914153464217,2020-06-21
2020-11-08,Georgia,20306,206,0.02234540204299007,0.013029914153464217,2020-06-21
2020-12-06,Georgia,37702,297,0.02234540204299007,0.013029914153464217,2020-06-21
2021-01-31,Georgia,129967,613,0.02234540204299007,0.013029914153464217,2020-06-21
2020-06-22,Grand Princess,1,1,0.0,0.0,2020-06-21
2020-06-28,Grand Princess,1,1,0.0,0.0,2020-06-21
2020-07-05,Grand Princess,1,1,0.0,0.0,2020-06-21
2020-07-19,Grand Princess,1,1,0.0,0.0,2020-06-21
2020-08-16,Grand Princess,1,1,0.0,0.0,2020-06-21
2020-09-13,Grand Princess,1,1,0.0,0.0,2020-06-21
2020-10-11,Grand Princess,1,1,0.0,0.0,2020-06-21
2020-11-08,Grand Princess,1,1,0.0,0.0,2020-06-21
2020-12-06,Grand Princess,1,1,0.0,0.0,2020-06-21
2021-01-31,Grand Princess,1,1,0.0,0.0,2020-06-21
2020-06-22,Guam,1,1,0.027930675382878967,0.0,2020-06-21
2020-06-28,Guam,2,1,0.027930675382878967,0.0,2020-06-21
2020-07-05,Guam,2,1,0.027930675382878967,0.0,2020-06-21
2020-07-19,Guam,3,1,0.027930675382878967,0.0,2020-06-21
2020-08-16,Guam,8,1,0.027930675382878967,0.0,2020-06-21
2020-09-13,Guam,18,1,0.027930675382878967,0.0,2020-06-21
2020-10-11,Guam,40,1,0.027930675382878967,0.0,2020-06-21
2020-11-08,Guam,87,1,0.027930675382878967,0.0,2020-06-21
2020-12-06,Guam,188,1,0.027930675382878967,0.0,2020-06-21
2021-01-31,Guam,880,1,0.027930675382878967,0.0,2020-06-21
2020-06-22,Hawaii,15,1,0.1302038655221125,0.0,2020-06-21
2020-06-28,Hawaii,32,1,0.1302038655221125,0.0,2020-06-21
2020-07-05,Hawaii,76,1,0.1302038655221125,0.0,2020-06-21
2020-07-19,Hawaii,422,1,0.1302038655221125,0.0,2020-06-21
2020-08-16,Hawaii,13012,1,0.1302038655221125,0.0,2020-06-21
2020-09-13,Hawaii,400650,1,0.1302038655221125,0.0,2020-06-21
2020-10-11,Hawaii,12335464,1,0.1302038655221125,0.0,2020-06-21
2020-11-08,Hawaii,379791785,1,0.1302038655221125,0.0,2020-06-21
2020-12-06,Hawaii,11693260924,1,0.1302038655221125,0.0,2020-06-21
2021-01-31,Hawaii,11084491829735,1,0.1302038655221125,0.0,2020-06-21
2020-06-22,Idaho,57,1,0.028078076196411228,0.0,2020-06-21
2020-06-28,Idaho,68,1,0.028078076196411228,0.0,2020-06-21
2020-07-05,Idaho,82,1,0.028078076196411228,0.0,2020-06-21
2020-07-19,Idaho,121,1,0.028078076196411228,0.0,2020-06-21
2020-08-16,Idaho,264,1,0.028078076196411228,0.0,2020-06-21
2020-09-13,Idaho,574,1,0.028078076196411228,0.0,2020-06-21
2020-10-11,Idaho,1248,1,0.028078076196411228,0.0,2020-06-21
2020-11-08,Idaho,2709,1,0.028078076196411228,0.0,2020-06-21
2020-12-06,Idaho,5884,1,0.028078076196411228,0.0,2020-06-21
2021-01-31,Idaho,27742,1,0.028078076196411228,0.0,2020-06-21
2020-06-22,Illinois,512,48,-0.0492489670885804,-0.027148508924915826,2020-06-21
2020-06-28,Illinois,378,40,-0.0492489670885804,-0.027148508924915826,2020-06-21
2020-07-05,Illinois,265,33,-0.0492489670885804,-0.027148508924915826,2020-06-21
2020-07-19,Illinois,130,22,-0.0492489670885804,-0.027148508924915826,2020-06-21
2020-08-16,Illinois,31,10,-0.0492489670885804,-0.027148508924915826,2020-06-21
2020-09-13,Illinois,7,4,-0.0492489670885804,-0.027148508924915826,2020-06-21
2020-10-11,Illinois,1,2,-0.0492489670885804,-0.027148508924915826,2020-06-21
2020-11-08,Illinois,0,1,-0.0492489670885804,-0.027148508924915826,2020-06-21
2020-12-06,Illinois,0,0,-0.0492489670885804,-0.027148508924915826,2020-06-21
2021-01-31,Illinois,0,0,-0.0492489670885804,-0.027148508924915826,2020-06-21
2020-06-22,Indiana,353,15,-0.011104774163541054,-0.02385295434035528,2020-06-21
2020-06-28,Indiana,330,13,-0.011104774163541054,-0.02385295434035528,2020-06-21
2020-07-05,Indiana,305,11,-0.011104774163541054,-0.02385295434035528,2020-06-21
2020-07-19,Indiana,261,8,-0.011104774163541054,-0.02385295434035528,2020-06-21
2020-08-16,Indiana,191,4,-0.011104774163541054,-0.02385295434035528,2020-06-21
2020-09-13,Indiana,139,2,-0.011104774163541054,-0.02385295434035528,2020-06-21
2020-10-11,Indiana,102,1,-0.011104774163541054,-0.02385295434035528,2020-06-21
2020-11-08,Indiana,74,0,-0.011104774163541054,-0.02385295434035528,2020-06-21
2020-12-06,Indiana,54,0,-0.011104774163541054,-0.02385295434035528,2020-06-21
2021-01-31,Indiana,29,0,-0.011104774163541054,-0.02385295434035528,2020-06-21
2020-06-22,Iowa,275,4,-0.008629606520222599,-0.047891943833773376,2020-06-21
2020-06-28,Iowa,261,3,-0.008629606520222599,-0.047891943833773376,2020-06-21
2020-07-05,Iowa,245,2,-0.008629606520222599,-0.047891943833773376,2020-06-21
2020-07-19,Iowa,217,1,-0.008629606520222599,-0.047891943833773376,2020-06-21
2020-08-16,Iowa,170,0,-0.008629606520222599,-0.047891943833773376,2020-06-21
2020-09-13,Iowa,133,0,-0.008629606520222599,-0.047891943833773376,2020-06-21
2020-10-11,Iowa,105,0,-0.008629606520222599,-0.047891943833773376,2020-06-21
2020-11-08,Iowa,82,0,-0.008629606520222599,-0.047891943833773376,2020-06-21
2020-12-06,Iowa,64,0,-0.008629606520222599,-0.047891943833773376,2020-06-21
2021-01-31,Iowa,39,0,-0.008629606520222599,-0.047891943833773376,2020-06-21
2020-06-22,Kansas,124,1,0.013374321051015103,-0.014922874667535502,2020-06-21
2020-06-28,Kansas,134,1,0.013374321051015103,-0.014922874667535502,2020-06-21
2020-07-05,Kansas,147,1,0.013374321051015103,-0.014922874667535502,2020-06-21
2020-07-19,Kansas,178,1,0.013374321051015103,-0.014922874667535502,2020-06-21
2020-08-16,Kansas,258,0,0.013374321051015103,-0.014922874667535502,2020-06-21
2020-09-13,Kansas,374,0,0.013374321051015103,-0.014922874667535502,2020-06-21
2020-10-11,Kansas,543,0,0.013374321051015103,-0.014922874667535502,2020-06-21
2020-11-08,Kansas,788,0,0.013374321051015103,-0.014922874667535502,2020-06-21
2020-12-06,Kansas,1144,0,0.013374321051015103,-0.014922874667535502,2020-06-21
2021-01-31,Kansas,2407,0,0.013374321051015103,-0.014922874667535502,2020-06-21
2020-06-22,Kentucky,163,3,-0.011429693319619627,-0.032327705897709724,2020-06-21
2020-06-28,Kentucky,152,2,-0.011429693319619627,-0.032327705897709724,2020-06-21
2020-07-05,Kentucky,140,2,-0.011429693319619627,-0.032327705897709724,2020-06-21
2020-07-19,Kentucky,119,1,-0.011429693319619627,-0.032327705897709724,2020-06-21
2020-08-16,Kentucky,86,0,-0.011429693319619627,-0.032327705897709724,2020-06-21
2020-09-13,Kentucky,62,0,-0.011429693319619627,-0.032327705897709724,2020-06-21
2020-10-11,Kentucky,45,0,-0.011429693319619627,-0.032327705897709724,2020-06-21
2020-11-08,Kentucky,33,0,-0.011429693319619627,-0.032327705897709724,2020-06-21
2020-12-06,Kentucky,23,0,-0.011429693319619627,-0.032327705897709724,2020-06-21
2021-01-31,Kentucky,12,0,-0.011429693319619627,-0.032327705897709724,2020-06-21
2020-06-22,Louisiana,582,11,0.022755745992073306,-0.027561303433009554,2020-06-21
2020-06-28,Louisiana,667,9,0.022755745992073306,-0.027561303433009554,2020-06-21
2020-07-05,Louisiana,780,7,0.022755745992073306,-0.027561303433009554,2020-06-21
2020-07-19,Louisiana,1069,5,0.022755745992073306,-0.027561303433009554,2020-06-21
2020-08-16,Louisiana,2008,2,0.022755745992073306,-0.027561303433009554,2020-06-21
2020-09-13,Louisiana,3771,1,0.022755745992073306,-0.027561303433009554,2020-06-21
2020-10-11,Louisiana,7082,0,0.022755745992073306,-0.027561303433009554,2020-06-21
2020-11-08,Louisiana,13298,0,0.022755745992073306,-0.027561303433009554,2020-06-21
2020-12-06,Louisiana,24969,0,0.022755745992073306,-0.027561303433009554,2020-06-21
2021-01-31,Louisiana,88030,0,0.022755745992073306,-0.027561303433009554,2020-06-21
2020-06-22,Maine,27,1,-0.017907329686410955,-0.004826510325702582,2020-06-21
2020-06-28,Maine,24,1,-0.017907329686410955,-0.004826510325702582,2020-06-21
2020-07-05,Maine,21,1,-0.017907329686410955,-0.004826510325702582,2020-06-21
2020-07-19,Maine,16,1,-0.017907329686410955,-0.004826510325702582,2020-06-21
2020-08-16,Maine,10,1,-0.017907329686410955,-0.004826510325702582,2020-06-21
2020-09-13,Maine,6,1,-0.017907329686410955,-0.004826510325702582,2020-06-21
2020-10-11,Maine,3,0,-0.017907329686410955,-0.004826510325702582,2020-06-21
2020-11-08,Maine,2,0,-0.017907329686410955,-0.004826510325702582,2020-06-21
2020-12-06,Maine,1,0,-0.017907329686410955,-0.004826510325702582,2020-06-21
2021-01-31,Maine,0,0,-0.017907329686410955,-0.004826510325702582,2020-06-21
2020-06-22,Maryland,388,19,-0.04428879517793938,-0.03392597615721893,2020-06-21
2020-06-28,Maryland,295,15,-0.04428879517793938,-0.03392597615721893,2020-06-21
2020-07-05,Maryland,215,12,-0.04428879517793938,-0.03392597615721893,2020-06-21
2020-07-19,Maryland,114,7,-0.04428879517793938,-0.03392597615721893,2020-06-21
2020-08-16,Maryland,32,2,-0.04428879517793938,-0.03392597615721893,2020-06-21
2020-09-13,Maryland,9,1,-0.04428879517793938,-0.03392597615721893,2020-06-21
2020-10-11,Maryland,2,0,-0.04428879517793938,-0.03392597615721893,2020-06-21
2020-11-08,Maryland,0,0,-0.04428879517793938,-0.03392597615721893,2020-06-21
2020-12-06,Maryland,0,0,-0.04428879517793938,-0.03392597615721893,2020-06-21
2021-01-31,Maryland,0,0,-0.04428879517793938,-0.03392597615721893,2020-06-21
2020-06-22,Massachusetts,182,30,-0.08310896325074069,-0.047166387367700846,2020-06-21
2020-06-28,Massachusetts,108,23,-0.08310896325074069,-0.047166387367700846,2020-06-21
2020-07-05,Massachusetts,59,16,-0.08310896325074069,-0.047166387367700846,2020-06-21
2020-07-19,Massachusetts,17,8,-0.08310896325074069,-0.047166387367700846,2020-06-21
2020-08-16,Massachusetts,1,2,-0.08310896325074069,-0.047166387367700846,2020-06-21
2020-09-13,Massachusetts,0,0,-0.08310896325074069,-0.047166387367700846,2020-06-21
2020-10-11,Massachusetts,0,0,-0.08310896325074069,-0.047166387367700846,2020-06-21
2020-11-08,Massachusetts,0,0,-0.08310896325074069,-0.047166387367700846,2020-06-21
2020-12-06,Massachusetts,0,0,-0.08310896325074069,-0.047166387367700846,2020-06-21
2021-01-31,Massachusetts,0,0,-0.08310896325074069,-0.047166387367700846,2020-06-21
2020-06-22,Michigan,208,10,-0.05825554940112432,-0.0822023459221517,2020-06-21
2020-06-28,Michigan,145,6,-0.05825554940112432,-0.0822023459221517,2020-06-21
2020-07-05,Michigan,95,3,-0.05825554940112432,-0.0822023459221517,2020-06-21
2020-07-19,Michigan,41,1,-0.05825554940112432,-0.0822023459221517,2020-06-21
2020-08-16,Michigan,7,0,-0.05825554940112432,-0.0822023459221517,2020-06-21
2020-09-13,Michigan,1,0,-0.05825554940112432,-0.0822023459221517,2020-06-21
2020-10-11,Michigan,0,0,-0.05825554940112432,-0.0822023459221517,2020-06-21
2020-11-08,Michigan,0,0,-0.05825554940112432,-0.0822023459221517,2020-06-21
2020-12-06,Michigan,0,0,-0.05825554940112432,-0.0822023459221517,2020-06-21
2021-01-31,Michigan,0,0,-0.05825554940112432,-0.0822023459221517,2020-06-21
2020-06-22,Minnesota,305,13,-0.028278905057149806,-0.03075002596363119,2020-06-21
2020-06-28,Minnesota,257,11,-0.028278905057149806,-0.03075002596363119,2020-06-21
2020-07-05,Minnesota,210,9,-0.028278905057149806,-0.03075002596363119,2020-06-21
2020-07-19,Minnesota,140,5,-0.028278905057149806,-0.03075002596363119,2020-06-21
2020-08-16,Minnesota,63,2,-0.028278905057149806,-0.03075002596363119,2020-06-21
2020-09-13,Minnesota,28,1,-0.028278905057149806,-0.03075002596363119,2020-06-21
2020-10-11,Minnesota,12,0,-0.028278905057149806,-0.03075002596363119,2020-06-21
2020-11-08,Minnesota,5,0,-0.028278905057149806,-0.03075002596363119,2020-06-21
2020-12-06,Minnesota,2,0,-0.028278905057149806,-0.03075002596363119,2020-06-21
2021-01-31,Minnesota,0,0,-0.028278905057149806,-0.03075002596363119,2020-06-21
2020-06-22,Mississippi,257,7,-0.010928359976913327,-0.03422812582774848,2020-06-21
2020-06-28,Mississippi,241,6,-0.010928359976913327,-0.03422812582774848,2020-06-21
2020-07-05,Mississippi,223,5,-0.010928359976913327,-0.03422812582774848,2020-06-21
2020-07-19,Mississippi,191,3,-0.010928359976913327,-0.03422812582774848,2020-06-21
2020-08-16,Mississippi,140,1,-0.010928359976913327,-0.03422812582774848,2020-06-21
2020-09-13,Mississippi,103,0,-0.010928359976913327,-0.03422812582774848,2020-06-21
2020-10-11,Mississippi,76,0,-0.010928359976913327,-0.03422812582774848,2020-06-21
2020-11-08,Mississippi,55,0,-0.010928359976913327,-0.03422812582774848,2020-06-21
2020-12-06,Mississippi,41,0,-0.010928359976913327,-0.03422812582774848,2020-06-21
2021-01-31,Mississippi,22,0,-0.010928359976913327,-0.03422812582774848,2020-06-21
2020-06-22,Missouri,226,8,0.008350476171699261,-0.008756681293956348,2020-06-21
2020-06-28,Missouri,237,8,0.008350476171699261,-0.008756681293956348,2020-06-21
2020-07-05,Missouri,251,7,0.008350476171699261,-0.008756681293956348,2020-06-21
2020-07-19,Missouri,283,6,0.008350476171699261,-0.008756681293956348,2020-06-21
2020-08-16,Missouri,357,5,0.008350476171699261,-0.008756681293956348,2020-06-21
2020-09-13,Missouri,450,4,0.008350476171699261,-0.008756681293956348,2020-06-21
2020-10-11,Missouri,569,3,0.008350476171699261,-0.008756681293956348,2020-06-21
2020-11-08,Missouri,718,2,0.008350476171699261,-0.008756681293956348,2020-06-21
2020-12-06,Missouri,906,2,0.008350476171699261,-0.008756681293956348,2020-06-21
2021-01-31,Missouri,1444,1,0.008350476171699261,-0.008756681293956348,2020-06-21
2020-06-22,Montana,10,1,0.043619073123189356,0.0,2020-06-21
2020-06-28,Montana,13,1,0.043619073123189356,0.0,2020-06-21
2020-07-05,Montana,18,1,0.043619073123189356,0.0,2020-06-21
2020-07-19,Montana,33,1,0.043619073123189356,0.0,2020-06-21
2020-08-16,Montana,111,1,0.043619073123189356,0.0,2020-06-21
2020-09-13,Montana,370,1,0.043619073123189356,0.0,2020-06-21
2020-10-11,Montana,1223,1,0.043619073123189356,0.0,2020-06-21
2020-11-08,Montana,4043,1,0.043619073123189356,0.0,2020-06-21
2020-12-06,Montana,13362,1,0.043619073123189356,0.0,2020-06-21
2021-01-31,Montana,145966,1,0.043619073123189356,0.0,2020-06-21
2020-06-22,Nebraska,129,4,-0.03702433564124763,0.02877348613248132,2020-06-21
2020-06-28,Nebraska,103,5,-0.03702433564124763,0.02877348613248132,2020-06-21
2020-07-05,Nebraska,79,6,-0.03702433564124763,0.02877348613248132,2020-06-21
2020-07-19,Nebraska,46,10,-0.03702433564124763,0.02877348613248132,2020-06-21
2020-08-16,Nebraska,16,22,-0.03702433564124763,0.02877348613248132,2020-06-21
2020-09-13,Nebraska,5,50,-0.03702433564124763,0.02877348613248132,2020-06-21
2020-10-11,Nebraska,1,112,-0.03702433564124763,0.02877348613248132,2020-06-21
2020-11-08,Nebraska,0,248,-0.03702433564124763,0.02877348613248132,2020-06-21
2020-12-06,Nebraska,0,549,-0.03702433564124763,0.02877348613248132,2020-06-21
2021-01-31,Nebraska,0,2689,-0.03702433564124763,0.02877348613248132,2020-06-21
2020-06-22,Nevada,298,2,0.051073647114478815,-0.014794343276827049,2020-06-21
2020-06-28,Nevada,402,2,0.051073647114478815,-0.014794343276827049,2020-06-21
2020-07-05,Nevada,570,2,0.051073647114478815,-0.014794343276827049,2020-06-21
2020-07-19,Nevada,1145,1,0.051073647114478815,-0.014794343276827049,2020-06-21
2020-08-16,Nevada,4621,1,0.051073647114478815,-0.014794343276827049,2020-06-21
2020-09-13,Nevada,18643,0,0.051073647114478815,-0.014794343276827049,2020-06-21
2020-10-11,Nevada,75205,0,0.051073647114478815,-0.014794343276827049,2020-06-21
2020-11-08,Nevada,303374,0,0.051073647114478815,-0.014794343276827049,2020-06-21
2020-12-06,Nevada,1223790,0,0.051073647114478815,-0.014794343276827049,2020-06-21
2021-01-31,Nevada,19914223,0,0.051073647114478815,-0.014794343276827049,2020-06-21
2020-06-22,New Hampshire,30,3,-0.04552154008055487,-0.025116247127530356,2020-06-21
2020-06-28,New Hampshire,22,3,-0.04552154008055487,-0.025116247127530356,2020-06-21
2020-07-05,New Hampshire,16,2,-0.04552154008055487,-0.025116247127530356,2020-06-21
2020-07-19,New Hampshire,8,1,-0.04552154008055487,-0.025116247127530356,2020-06-21
2020-08-16,New Hampshire,2,0,-0.04552154008055487,-0.025116247127530356,2020-06-21
2020-09-13,New Hampshire,0,0,-0.04552154008055487,-0.025116247127530356,2020-06-21
2020-10-11,New Hampshire,0,0,-0.04552154008055487,-0.025116247127530356,2020-06-21
2020-11-08,New Hampshire,0,0,-0.04552154008055487,-0.025116247127530356,2020-06-21
2020-12-06,New Hampshire,0,0,-0.04552154008055487,-0.025116247127530356,2020-06-21
2021-01-31,New Hampshire,0,0,-0.04552154008055487,-0.025116247127530356,2020-06-21
2020-06-22,New Jersey,271,56,-0.05318660918374052,-0.017777065648028056,2020-06-21
2020-06-28,New Jersey,195,51,-0.05318660918374052,-0.017777065648028056,2020-06-21
2020-07-05,New Jersey,133,45,-0.05318660918374052,-0.017777065648028056,2020-06-21
2020-07-19,New Jersey,62,35,-0.05318660918374052,-0.017777065648028056,2020-06-21
2020-08-16,New Jersey,13,21,-0.05318660918374052,-0.017777065648028056,2020-06-21
2020-09-13,New Jersey,2,12,-0.05318660918374052,-0.017777065648028056,2020-06-21
2020-10-11,New Jersey,0,7,-0.05318660918374052,-0.017777065648028056,2020-06-21
2020-11-08,New Jersey,0,4,-0.05318660918374052,-0.017777065648028056,2020-06-21
2020-12-06,New Jersey,0,2,-0.05318660918374052,-0.017777065648028056,2020-06-21
2021-01-31,New Jersey,0,1,-0.05318660918374052,-0.017777065648028056,2020-06-21
2020-06-22,New Mexico,116,5,-0.01052263786156371,-0.005327607785876709,2020-06-21
2020-06-28,New Mexico,109,5,-0.01052263786156371,-0.005327607785876709,2020-06-21
2020-07-05,New Mexico,101,4,-0.01052263786156371,-0.005327607785876709,2020-06-21
2020-07-19,New Mexico,87,4,-0.01052263786156371,-0.005327607785876709,2020-06-21
2020-08-16,New Mexico,65,3,-0.01052263786156371,-0.005327607785876709,2020-06-21
2020-09-13,New Mexico,48,3,-0.01052263786156371,-0.005327607785876709,2020-06-21
2020-10-11,New Mexico,36,2,-0.01052263786156371,-0.005327607785876709,2020-06-21
2020-11-08,New Mexico,26,2,-0.01052263786156371,-0.005327607785876709,2020-06-21
2020-12-06,New Mexico,19,2,-0.01052263786156371,-0.005327607785876709,2020-06-21
2021-01-31,New Mexico,11,1,-0.01052263786156371,-0.005327607785876709,2020-06-21
2020-06-22,New York,597,46,-0.03823381527545744,-0.03602767057825984,2020-06-21
2020-06-28,New York,472,37,-0.03823381527545744,-0.03602767057825984,2020-06-21
2020-07-05,New York,359,28,-0.03823381527545744,-0.03602767057825984,2020-06-21
2020-07-19,New York,208,17,-0.03823381527545744,-0.03602767057825984,2020-06-21
2020-08-16,New York,69,6,-0.03823381527545744,-0.03602767057825984,2020-06-21
2020-09-13,New York,23,2,-0.03823381527545744,-0.03602767057825984,2020-06-21
2020-10-11,New York,7,0,-0.03823381527545744,-0.03602767057825984,2020-06-21
2020-11-08,New York,2,0,-0.03823381527545744,-0.03602767057825984,2020-06-21
2020-12-06,New York,0,0,-0.03823381527545744,-0.03602767057825984,2020-06-21
2021-01-31,New York,0,0,-0.03823381527545744,-0.03602767057825984,2020-06-21
2020-06-22,North Carolina,1365,11,0.025192301809325857,-0.026837484590900074,2020-06-21
2020-06-28,North Carolina,1585,9,0.025192301809325857,-0.026837484590900074,2020-06-21
2020-07-05,North Carolina,1887,7,0.025192301809325857,-0.026837484590900074,2020-06-21
2020-07-19,North Carolina,2673,5,0.025192301809325857,-0.026837484590900074,2020-06-21
2020-08-16,North Carolina,5365,2,0.025192301809325857,-0.026837484590900074,2020-06-21
2020-09-13,North Carolina,10769,1,0.025192301809325857,-0.026837484590900074,2020-06-21
2020-10-11,North Carolina,21613,0,0.025192301809325857,-0.026837484590900074,2020-06-21
2020-11-08,North Carolina,43379,0,0.025192301809325857,-0.026837484590900074,2020-06-21
2020-12-06,North Carolina,87062,0,0.025192301809325857,-0.026837484590900074,2020-06-21
2021-01-31,North Carolina,350695,0,0.025192301809325857,-0.026837484590900074,2020-06-21
2020-06-22,North Dakota,33,1,0.0025287311914938826,0.0051485025333348755,2020-06-21
2020-06-28,North Dakota,34,1,0.0025287311914938826,0.0051485025333348755,2020-06-21
2020-07-05,North Dakota,34,1,0.0025287311914938826,0.0051485025333348755,2020-06-21
2020-07-19,North Dakota,35,1,0.0025287311914938826,0.0051485025333348755,2020-06-21
2020-08-16,North Dakota,38,2,0.0025287311914938826,0.0051485025333348755,2020-06-21
2020-09-13,North Dakota,41,2,0.0025287311914938826,0.0051485025333348755,2020-06-21
2020-10-11,North Dakota,44,2,0.0025287311914938826,0.0051485025333348755,2020-06-21
2020-11-08,North Dakota,47,3,0.0025287311914938826,0.0051485025333348755,2020-06-21
2020-12-06,North Dakota,51,3,0.0025287311914938826,0.0051485025333348755,2020-06-21
2021-01-31,North Dakota,58,5,0.0025287311914938826,0.0051485025333348755,2020-06-21
2020-06-22,Northern Mariana Islands,1,2,0.0,-0.0011142353098575475,2020-06-21
2020-06-28,Northern Mariana Islands,1,1,0.0,-0.0011142353098575475,2020-06-21
2020-07-05,Northern Mariana Islands,1,1,0.0,-0.0011142353098575475,2020-06-21
2020-07-19,Northern Mariana Islands,1,1,0.0,-0.0011142353098575475,2020-06-21
2020-08-16,Northern Mariana Islands,1,1,0.0,-0.0011142353098575475,2020-06-21
2020-09-13,Northern Mariana Islands,1,1,0.0,-0.0011142353098575475,2020-06-21
2020-10-11,Northern Mariana Islands,1,1,0.0,-0.0011142353098575475,2020-06-21
2020-11-08,Northern Mariana Islands,1,1,0.0,-0.0011142353098575475,2020-06-21
2020-12-06,Northern Mariana Islands,1,1,0.0,-0.0011142353098575475,2020-06-21
2021-01-31,Northern Mariana Islands,1,1,0.0,-0.0011142353098575475,2020-06-21
2020-06-22,Ohio,399,19,-0.007142606042818911,-0.025222595530141168,2020-06-21
2020-06-28,Ohio,383,17,-0.007142606042818911,-0.025222595530141168,2020-06-21
2020-07-05,Ohio,364,14,-0.007142606042818911,-0.025222595530141168,2020-06-21
2020-07-19,Ohio,329,10,-0.007142606042818911,-0.025222595530141168,2020-06-21
2020-08-16,Ohio,269,4,-0.007142606042818911,-0.025222595530141168,2020-06-21
2020-09-13,Ohio,220,2,-0.007142606042818911,-0.025222595530141168,2020-06-21
2020-10-11,Ohio,180,1,-0.007142606042818911,-0.025222595530141168,2020-06-21
2020-11-08,Ohio,147,0,-0.007142606042818911,-0.025222595530141168,2020-06-21
2020-12-06,Ohio,120,0,-0.007142606042818911,-0.025222595530141168,2020-06-21
2021-01-31,Ohio,80,0,-0.007142606042818911,-0.025222595530141168,2020-06-21
2020-06-22,Oklahoma,265,1,0.07384993656617911,-0.04347588021437332,2020-06-21
2020-06-28,Oklahoma,406,0,0.07384993656617911,-0.04347588021437332,2020-06-21
2020-07-05,Oklahoma,669,0,0.07384993656617911,-0.04347588021437332,2020-06-21
2020-07-19,Oklahoma,1815,0,0.07384993656617911,-0.04347588021437332,2020-06-21
2020-08-16,Oklahoma,13347,0,0.07384993656617911,-0.04347588021437332,2020-06-21
2020-09-13,Oklahoma,98132,0,0.07384993656617911,-0.04347588021437332,2020-06-21
2020-10-11,Oklahoma,721493,0,0.07384993656617911,-0.04347588021437332,2020-06-21
2020-11-08,Oklahoma,5304607,0,0.07384993656617911,-0.04347588021437332,2020-06-21
2020-12-06,Oklahoma,39000839,0,0.07384993656617911,-0.04347588021437332,2020-06-21
2021-01-31,Oklahoma,2108217052,0,0.07384993656617911,-0.04347588021437332,2020-06-21
2020-06-22,Oregon,203,2,0.07601550276616376,0.02311774091635055,2020-06-21
2020-06-28,Oregon,315,2,0.07601550276616376,0.02311774091635055,2020-06-21
2020-07-05,Oregon,526,2,0.07601550276616376,0.02311774091635055,2020-06-21
2020-07-19,Oregon,1468,3,0.07601550276616376,0.02311774091635055,2020-06-21
2020-08-16,Oregon,11420,7,0.07601550276616376,0.02311774091635055,2020-06-21
2020-09-13,Oregon,88835,14,0.07601550276616376,0.02311774091635055,2020-06-21
2020-10-11,Oregon,691044,26,0.07601550276616376,0.02311774091635055,2020-06-21
2020-11-08,Oregon,5375570,50,0.07601550276616376,0.02311774091635055,2020-06-21
2020-12-06,Oregon,41816082,96,0.07601550276616376,0.02311774091635055,2020-06-21
2021-01-31,Oregon,2530351967,346,0.07601550276616376,0.02311774091635055,2020-06-21
2020-06-22,Pennsylvania,383,30,-0.025516630833016918,-0.0394455975540422,2020-06-21
2020-06-28,Pennsylvania,328,23,-0.025516630833016918,-0.0394455975540422,2020-06-21
2020-07-05,Pennsylvania,273,17,-0.025516630833016918,-0.0394455975540422,2020-06-21
2020-07-19,Pennsylvania,190,10,-0.025516630833016918,-0.0394455975540422,2020-06-21
2020-08-16,Pennsylvania,92,3,-0.025516630833016918,-0.0394455975540422,2020-06-21
2020-09-13,Pennsylvania,44,1,-0.025516630833016918,-0.0394455975540422,2020-06-21
2020-10-11,Pennsylvania,21,0,-0.025516630833016918,-0.0394455975540422,2020-06-21
2020-11-08,Pennsylvania,10,0,-0.025516630833016918,-0.0394455975540422,2020-06-21
2020-12-06,Pennsylvania,5,0,-0.025516630833016918,-0.0394455975540422,2020-06-21
2021-01-31,Pennsylvania,1,0,-0.025516630833016918,-0.0394455975540422,2020-06-21
2020-06-22,Puerto Rico,120,1,-0.0006365838406034996,-0.0018226160640353317,2020-06-21
2020-06-28,Puerto Rico,119,1,-0.0006365838406034996,-0.0018226160640353317,2020-06-21
2020-07-05,Puerto Rico,119,1,-0.0006365838406034996,-0.0018226160640353317,2020-06-21
2020-07-19,Puerto Rico,118,1,-0.0006365838406034996,-0.0018226160640353317,2020-06-21
2020-08-16,Puerto Rico,116,1,-0.0006365838406034996,-0.0018226160640353317,2020-06-21
2020-09-13,Puerto Rico,114,1,-0.0006365838406034996,-0.0018226160640353317,2020-06-21
2020-10-11,Puerto Rico,112,1,-0.0006365838406034996,-0.0018226160640353317,2020-06-21
2020-11-08,Puerto Rico,110,0,-0.0006365838406034996,-0.0018226160640353317,2020-06-21
2020-12-06,Puerto Rico,108,0,-0.0006365838406034996,-0.0018226160640353317,2020-06-21
2021-01-31,Puerto Rico,104,0,-0.0006365838406034996,-0.0018226160640353317,2020-06-21
2020-06-22,Recovered,1,1,0.0,0.0,2020-06-21
2020-06-28,Recovered,1,1,0.0,0.0,2020-06-21
2020-07-05,Recovered,1,1,0.0,0.0,2020-06-21
2020-07-19,Recovered,1,1,0.0,0.0,2020-06-21
2020-08-16,Recovered,1,1,0.0,0.0,2020-06-21
2020-09-13,Recovered,1,1,0.0,0.0,2020-06-21
2020-10-11,Recovered,1,1,0.0,0.0,2020-06-21
2020-11-08,Recovered,1,1,0.0,0.0,2020-06-21
2020-12-06,Recovered,1,1,0.0,0.0,2020-06-21
2021-01-31,Recovered,1,1,0.0,0.0,2020-06-21
2020-06-22,Rhode Island,50,7,-0.04356342615118303,-0.027540216225554914,2020-06-21
2020-06-28,Rhode Island,38,6,-0.04356342615118303,-0.027540216225554914,2020-06-21
2020-07-05,Rhode Island,28,5,-0.04356342615118303,-0.027540216225554914,2020-06-21
2020-07-19,Rhode Island,15,3,-0.04356342615118303,-0.027540216225554914,2020-06-21
2020-08-16,Rhode Island,4,1,-0.04356342615118303,-0.027540216225554914,2020-06-21
2020-09-13,Rhode Island,1,0,-0.04356342615118303,-0.027540216225554914,2020-06-21
2020-10-11,Rhode Island,0,0,-0.04356342615118303,-0.027540216225554914,2020-06-21
2020-11-08,Rhode Island,0,0,-0.04356342615118303,-0.027540216225554914,2020-06-21
2020-12-06,Rhode Island,0,0,-0.04356342615118303,-0.027540216225554914,2020-06-21
2021-01-31,Rhode Island,0,0,-0.04356342615118303,-0.027540216225554914,2020-06-21
2020-06-22,South Carolina,937,6,0.06885529476965324,-0.008912110102781146,2020-06-21
2020-06-28,South Carolina,1397,6,0.06885529476965324,-0.008912110102781146,2020-06-21
2020-07-05,South Carolina,2227,5,0.06885529476965324,-0.008912110102781146,2020-06-21
2020-07-19,South Carolina,5658,5,0.06885529476965324,-0.008912110102781146,2020-06-21
2020-08-16,South Carolina,36508,4,0.06885529476965324,-0.008912110102781146,2020-06-21
2020-09-13,South Carolina,235574,3,0.06885529476965324,-0.008912110102781146,2020-06-21
2020-10-11,South Carolina,1520047,2,0.06885529476965324,-0.008912110102781146,2020-06-21
2020-11-08,South Carolina,9808143,1,0.06885529476965324,-0.008912110102781146,2020-06-21
2020-12-06,South Carolina,63287274,1,0.06885529476965324,-0.008912110102781146,2020-06-21
2021-01-31,South Carolina,2634969045,0,0.06885529476965324,-0.008912110102781146,2020-06-21
2020-06-22,South Dakota,62,1,-0.00010078543267511009,-0.006260482552693514,2020-06-21
2020-06-28,South Dakota,62,1,-0.00010078543267511009,-0.006260482552693514,2020-06-21
2020-07-05,South Dakota,62,1,-0.00010078543267511009,-0.006260482552693514,2020-06-21
2020-07-19,South Dakota,62,1,-0.00010078543267511009,-0.006260482552693514,2020-06-21
2020-08-16,South Dakota,62,0,-0.00010078543267511009,-0.006260482552693514,2020-06-21
2020-09-13,South Dakota,61,0,-0.00010078543267511009,-0.006260482552693514,2020-06-21
2020-10-11,South Dakota,61,0,-0.00010078543267511009,-0.006260482552693514,2020-06-21
2020-11-08,South Dakota,61,0,-0.00010078543267511009,-0.006260482552693514,2020-06-21
2020-12-06,South Dakota,61,0,-0.00010078543267511009,-0.006260482552693514,2020-06-21
2021-01-31,South Dakota,61,0,-0.00010078543267511009,-0.006260482552693514,2020-06-21
2020-06-22,Tennessee,674,9,0.024752229325700537,0.030529101513298906,2020-06-21
2020-06-28,Tennessee,781,11,0.024752229325700537,0.030529101513298906,2020-06-21
2020-07-05,Tennessee,927,14,0.024752229325700537,0.030529101513298906,2020-06-21
2020-07-19,Tennessee,1305,21,0.024752229325700537,0.030529101513298906,2020-06-21
2020-08-16,Tennessee,2589,50,0.024752229325700537,0.030529101513298906,2020-06-21
2020-09-13,Tennessee,5135,116,0.024752229325700537,0.030529101513298906,2020-06-21
2020-10-11,Tennessee,10183,270,0.024752229325700537,0.030529101513298906,2020-06-21
2020-11-08,Tennessee,20194,628,0.024752229325700537,0.030529101513298906,2020-06-21
2020-12-06,Tennessee,40045,1458,0.024752229325700537,0.030529101513298906,2020-06-21
2021-01-31,Tennessee,157473,7854,0.024752229325700537,0.030529101513298906,2020-06-21
2020-06-22,Texas,2752,25,0.039153011255969705,0.00798794376719747,2020-06-21
2020-06-28,Texas,3465,27,0.039153011255969705,0.00798794376719747,2020-06-21
2020-07-05,Texas,4534,28,0.039153011255969705,0.00798794376719747,2020-06-21
2020-07-19,Texas,7763,32,0.039153011255969705,0.00798794376719747,2020-06-21
2020-08-16,Texas,22754,40,0.039153011255969705,0.00798794376719747,2020-06-21
2020-09-13,Texas,66696,50,0.039153011255969705,0.00798794376719747,2020-06-21
2020-10-11,Texas,195490,62,0.039153011255969705,0.00798794376719747,2020-06-21
2020-11-08,Texas,572997,78,0.039153011255969705,0.00798794376719747,2020-06-21
2020-12-06,Texas,1679494,98,0.039153011255969705,0.00798794376719747,2020-06-21
2021-01-31,Texas,14428816,153,0.039153011255969705,0.00798794376719747,2020-06-21
2020-06-22,Utah,425,2,0.02891140556548555,0.026482056476691662,2020-06-21
2020-06-28,Utah,505,3,0.02891140556548555,0.026482056476691662,2020-06-21
2020-07-05,Utah,616,3,0.02891140556548555,0.026482056476691662,2020-06-21
2020-07-19,Utah,919,5,0.02891140556548555,0.026482056476691662,2020-06-21
2020-08-16,Utah,2041,11,0.02891140556548555,0.026482056476691662,2020-06-21
2020-09-13,Utah,4534,23,0.02891140556548555,0.026482056476691662,2020-06-21
2020-10-11,Utah,10071,49,0.02891140556548555,0.026482056476691662,2020-06-21
2020-11-08,Utah,22370,103,0.02891140556548555,0.026482056476691662,2020-06-21
2020-12-06,Utah,49687,215,0.02891140556548555,0.026482056476691662,2020-06-21
2021-01-31,Utah,245141,929,0.02891140556548555,0.026482056476691662,2020-06-21
2020-06-22,Vermont,7,1,0.0063897597255433425,0.0,2020-06-21
2020-06-28,Vermont,7,1,0.0063897597255433425,0.0,2020-06-21
2020-07-05,Vermont,7,1,0.0063897597255433425,0.0,2020-06-21
2020-07-19,Vermont,8,1,0.0063897597255433425,0.0,2020-06-21
2020-08-16,Vermont,10,1,0.0063897597255433425,0.0,2020-06-21
2020-09-13,Vermont,12,1,0.0063897597255433425,0.0,2020-06-21
2020-10-11,Vermont,14,1,0.0063897597255433425,0.0,2020-06-21
2020-11-08,Vermont,17,1,0.0063897597255433425,0.0,2020-06-21
2020-12-06,Vermont,20,1,0.0063897597255433425,0.0,2020-06-21
2021-01-31,Vermont,29,1,0.0063897597255433425,0.0,2020-06-21
2020-06-22,Virgin Islands,1,1,0.0,0.0,2020-06-21
2020-06-28,Virgin Islands,1,1,0.0,0.0,2020-06-21
2020-07-05,Virgin Islands,1,1,0.0,0.0,2020-06-21
2020-07-19,Virgin Islands,1,1,0.0,0.0,2020-06-21
2020-08-16,Virgin Islands,1,1,0.0,0.0,2020-06-21
2020-09-13,Virgin Islands,1,1,0.0,0.0,2020-06-21
2020-10-11,Virgin Islands,1,1,0.0,0.0,2020-06-21
2020-11-08,Virgin Islands,1,1,0.0,0.0,2020-06-21
2020-12-06,Virgin Islands,1,1,0.0,0.0,2020-06-21
2021-01-31,Virgin Islands,1,1,0.0,0.0,2020-06-21
2020-06-22,Virginia,442,7,-0.04326843641045475,-0.048521455556135296,2020-06-21
2020-06-28,Virginia,339,5,-0.04326843641045475,-0.048521455556135296,2020-06-21
2020-07-05,Virginia,249,4,-0.04326843641045475,-0.048521455556135296,2020-06-21
2020-07-19,Virginia,134,2,-0.04326843641045475,-0.048521455556135296,2020-06-21
2020-08-16,Virginia,38,0,-0.04326843641045475,-0.048521455556135296,2020-06-21
2020-09-13,Virginia,11,0,-0.04326843641045475,-0.048521455556135296,2020-06-21
2020-10-11,Virginia,3,0,-0.04326843641045475,-0.048521455556135296,2020-06-21
2020-11-08,Virginia,0,0,-0.04326843641045475,-0.048521455556135296,2020-06-21
2020-12-06,Virginia,0,0,-0.04326843641045475,-0.048521455556135296,2020-06-21
2021-01-31,Virginia,0,0,-0.04326843641045475,-0.048521455556135296,2020-06-21
2020-06-22,Washington,347,7,0.012696025652889853,0.013216584646006613,2020-06-21
2020-06-28,Washington,374,8,0.012696025652889853,0.013216584646006613,2020-06-21
2020-07-05,Washington,409,9,0.012696025652889853,0.013216584646006613,2020-06-21
2020-07-19,Washington,488,11,0.012696025652889853,0.013216584646006613,2020-06-21
2020-08-16,Washington,695,16,0.012696025652889853,0.013216584646006613,2020-06-21
2020-09-13,Washington,990,23,0.012696025652889853,0.013216584646006613,2020-06-21
2020-10-11,Washington,1409,33,0.012696025652889853,0.013216584646006613,2020-06-21
2020-11-08,Washington,2007,48,0.012696025652889853,0.013216584646006613,2020-06-21
2020-12-06,Washington,2857,70,0.012696025652889853,0.013216584646006613,2020-06-21
2021-01-31,Washington,5791,147,0.012696025652889853,0.013216584646006613,2020-06-21
2020-06-22,West Virginia,22,1,-0.0063947115911614505,-0.00037815771018179234,2020-06-21
2020-06-28,West Virginia,21,1,-0.0063947115911614505,-0.00037815771018179234,2020-06-21
2020-07-05,West Virginia,20,1,-0.0063947115911614505,-0.00037815771018179234,2020-06-21
2020-07-19,West Virginia,18,1,-0.0063947115911614505,-0.00037815771018179234,2020-06-21
2020-08-16,West Virginia,15,1,-0.0063947115911614505,-0.00037815771018179234,2020-06-21
2020-09-13,West Virginia,13,1,-0.0063947115911614505,-0.00037815771018179234,2020-06-21
2020-10-11,West Virginia,10,1,-0.0063947115911614505,-0.00037815771018179234,2020-06-21
2020-11-08,West Virginia,9,1,-0.0063947115911614505,-0.00037815771018179234,2020-06-21
2020-12-06,West Virginia,7,1,-0.0063947115911614505,-0.00037815771018179234,2020-06-21
2021-01-31,West Virginia,5,1,-0.0063947115911614505,-0.00037815771018179234,2020-06-21
2020-06-22,Wisconsin,241,5,-0.027190779189697034,-0.03593428074623828,2020-06-21
2020-06-28,Wisconsin,204,4,-0.027190779189697034,-0.03593428074623828,2020-06-21
2020-07-05,Wisconsin,168,3,-0.027190779189697034,-0.03593428074623828,2020-06-21
2020-07-19,Wisconsin,114,1,-0.027190779189697034,-0.03593428074623828,2020-06-21
2020-08-16,Wisconsin,52,0,-0.027190779189697034,-0.03593428074623828,2020-06-21
2020-09-13,Wisconsin,24,0,-0.027190779189697034,-0.03593428074623828,2020-06-21
2020-10-11,Wisconsin,11,0,-0.027190779189697034,-0.03593428074623828,2020-06-21
2020-11-08,Wisconsin,5,0,-0.027190779189697034,-0.03593428074623828,2020-06-21
2020-12-06,Wisconsin,2,0,-0.027190779189697034,-0.03593428074623828,2020-06-21
2021-01-31,Wisconsin,0,0,-0.027190779189697034,-0.03593428074623828,2020-06-21
2020-06-22,Wyoming,21,1,0.061389709833050476,0.0,2020-06-21
2020-06-28,Wyoming,30,1,0.061389709833050476,0.0,2020-06-21
2020-07-05,Wyoming,46,1,0.061389709833050476,0.0,2020-06-21
2020-07-19,Wyoming,106,1,0.061389709833050476,0.0,2020-06-21
2020-08-16,Wyoming,565,1,0.061389709833050476,0.0,2020-06-21
2020-09-13,Wyoming,2996,1,0.061389709833050476,0.0,2020-06-21
2020-10-11,Wyoming,15890,1,0.061389709833050476,0.0,2020-06-21
2020-11-08,Wyoming,84259,1,0.061389709833050476,0.0,2020-06-21
2020-12-06,Wyoming,446803,1,0.061389709833050476,0.0,2020-06-21
2021-01-31,Wyoming,12563475,1,0.061389709833050476,0.0,2020-06-21
